时间帧,x坐标,y坐标,累计距离,已发现目标数,是否完成
0,273,30,3.0,0,0
1,276,30,6.0,0,0
2,279,30,9.0,0,0
3,282,30,12.0,0,0
4,285,30,15.0,0,0
5,288,30,18.0,0,0
6,291,30,21.0,0,0
7,294,30,24.0,0,0
8,297,30,27.0,0,0
9,300,30,30.0,0,0
10,303,30,33.0,0,0
11,306,30,36.0,0,0
12,309,30,39.0,0,0
13,312,30,42.0,0,0
14,315,30,45.0,0,0
15,318,30,48.0,0,0
16,321,30,51.0,0,0
17,324,30,54.0,0,0
18,327,30,57.0,0,0
19,330,30,60.0,0,0
20,333,30,63.0,0,0
21,336,30,66.0,0,0
22,339,30,69.0,0,0
23,342,30,72.0,0,0
24,345,30,75.0,0,0
25,348,30,78.0,0,0
26,351,30,81.0,0,0
27,354,30,84.0,0,0
28,357,30,87.0,0,0
29,360,30,90.0,0,0
30,363,30,93.0,0,0
31,366,30,96.0,0,0
32,369,30,99.0,0,0
33,372,30,102.0,0,0
34,375,30,105.0,0,0
35,378,30,108.0,0,0
36,381,30,111.0,0,0
37,381,32,114.0,0,0
38,381,35,117.0,0,0
39,382,38,120.0,0,0
40,382,41,123.0,0,0
41,385,41,126.0,0,0
42,388,41,129.0,0,0
43,391,41,132.0,0,0
44,394,41,135.0,0,0
45,397,41,138.0,0,0
46,400,41,141.0,0,0
47,403,41,144.0,0,0
48,406,41,147.0,0,0
49,409,41,150.0,0,0
50,412,41,153.0,0,0
51,415,41,156.0,0,0
52,418,41,159.0,0,0
53,421,41,162.0,0,0
54,424,41,165.0,0,0
55,427,41,168.0,0,0
56,430,41,171.0,0,0
57,433,41,174.0,0,0
58,436,41,177.0,0,0
59,439,41,180.0,0,0
60,442,41,183.0,0,0
61,445,41,186.0,0,0
62,448,41,189.0,0,0
63,451,41,192.0,0,0
64,454,41,195.0,0,0
65,457,41,198.0,0,0
66,460,41,201.0,0,0
67,463,41,204.0,0,0
68,466,41,207.0,0,0
69,469,41,210.0,0,0
70,472,41,213.0,0,0
71,475,41,216.0,0,0
72,478,41,219.0,0,0
73,481,41,222.0,0,0
74,484,41,225.0,0,0
75,487,41,228.0,0,0
76,490,41,231.0,0,0
77,493,41,234.0,0,0
78,496,41,237.0,0,0
79,499,41,240.0,0,0
80,502,41,243.0,0,0
81,505,41,246.0,0,0
82,508,41,249.0,0,0
83,511,41,252.0,0,0
84,514,41,255.0,0,0
85,517,41,258.0,0,0
86,520,41,261.0,0,0
87,523,41,264.0,0,0
88,526,41,267.0,0,0
89,529,41,270.0,0,0
90,532,41,273.0,0,0
91,535,41,276.0,0,0
92,538,41,279.0,0,0
93,541,41,282.0,0,0
94,542,44,285.0,0,0
95,542,47,288.0,0,0
96,542,50,291.0,0,0
97,543,53,294.0,0,0
98,543,56,297.0,0,0
99,544,59,300.0,0,0
100,544,62,303.0,0,0
101,547,62,306.0,0,0
102,550,62,309.0,0,0
103,553,62,312.0,0,0
104,556,62,315.0,0,0
105,559,62,318.0,0,0
106,562,62,321.0,0,0
107,565,62,324.0,0,0
108,568,62,327.0,0,0
109,571,62,330.0,0,0
110,574,62,333.0,0,0
111,577,62,336.0,0,0
112,580,62,339.0,0,0
113,583,62,342.0,0,0
114,586,62,345.0,0,0
115,589,62,348.0,0,0
116,592,62,351.0,0,0
117,595,62,354.0,0,0
118,598,62,357.0,0,0
119,601,62,360.0,0,0
120,604,62,363.0,0,0
121,607,62,366.0,0,0
122,610,62,369.0,0,0
123,613,62,372.0,0,0
124,616,62,375.0,0,0
125,619,62,378.0,0,0
126,622,62,381.0,0,0
127,625,62,384.0,0,0
128,628,62,387.0,0,0
129,631,62,390.0,0,0
130,634,62,393.0,0,0
131,637,62,396.0,0,0
132,640,62,399.0,0,0
133,643,62,402.0,0,0
134,646,62,405.0,0,0
135,649,62,408.0,0,0
136,652,62,411.0,0,0
137,655,62,414.0,0,0
138,658,62,417.0,0,0
139,661,62,420.0,0,0
140,664,62,423.0,0,0
141,667,62,426.0,0,0
142,670,62,429.0,0,0
143,673,62,432.0,0,0
144,676,62,435.0,0,0
145,679,62,438.0,0,0
146,682,62,441.0,0,0
147,682,65,444.0,0,0
148,683,68,447.0,0,0
149,683,71,450.0,0,0
150,684,74,453.0,0,0
151,684,77,456.0,0,0
152,685,80,459.0,0,0
153,688,80,462.0,0,0
154,691,80,465.0,0,0
155,694,80,468.0,0,0
156,697,80,471.0,0,0
157,700,80,474.0,0,0
158,703,80,477.0,0,0
159,706,80,480.0,0,0
160,709,80,483.0,0,0
161,712,80,486.0,0,0
162,715,80,489.0,0,0
163,718,80,492.0,0,0
164,721,80,495.0,0,0
165,724,80,498.0,0,0
166,727,80,501.0,0,0
167,730,80,504.0,0,0
168,733,80,507.0,0,0
169,736,80,510.0,0,0
170,739,80,513.0,0,0
171,742,80,516.0,0,0
172,745,80,519.0,0,0
173,748,80,522.0,0,0
174,751,80,525.0,0,0
175,754,80,528.0,0,0
176,757,80,531.0,0,0
177,760,80,534.0,0,0
178,763,80,537.0,0,0
179,766,80,540.0,0,0
180,769,80,543.0,0,0
181,772,80,546.0,0,0
182,775,80,549.0,0,0
183,778,80,552.0,0,0
184,781,80,555.0,0,0
185,784,80,558.0,0,0
186,787,80,561.0,0,0
187,790,80,564.0,0,0
188,793,80,567.0,0,0
189,796,80,570.0,0,0
190,799,80,573.0,0,0
191,802,80,576.0,0,0
192,805,80,579.0,0,0
193,808,80,582.0,0,0
194,811,80,585.0,0,0
195,814,80,588.0,0,0
196,817,80,591.0,0,0
197,820,80,594.0,0,0
198,823,80,597.0,0,0
199,826,80,600.0,0,0
200,829,80,603.0,0,0
201,832,80,606.0,0,0
202,835,80,609.0,0,0
203,838,80,612.0,0,0
204,841,80,615.0,0,0
205,844,80,618.0,0,0
206,847,80,621.0,0,0
207,850,80,624.0,0,0
208,853,80,627.0,0,0
209,856,80,630.0,0,0
210,859,80,633.0,0,0
211,862,80,636.0,0,0
212,865,80,639.0,0,0
213,868,80,642.0,0,0
214,871,80,645.0,0,0
215,874,80,648.0,0,0
216,877,80,651.0,0,0
217,880,80,654.0,0,0
218,883,80,657.0,0,0
219,886,80,660.0,0,0
220,889,80,663.0,0,0
221,892,80,666.0,0,0
222,895,80,669.0,0,0
223,898,80,672.0,0,0
224,901,80,675.0,0,0
225,904,80,678.0,0,0
226,907,80,681.0,0,0
227,910,80,684.0,0,0
228,913,80,687.0,0,0
229,916,80,690.0,0,0
230,919,80,693.0,0,0
231,922,80,696.0,0,0
232,925,80,699.0,0,0
233,928,80,702.0,0,0
234,931,80,705.0,0,0
235,934,80,708.0,0,0
236,937,80,711.0,0,0
237,940,80,714.0,0,0
238,943,80,717.0,0,0
239,946,80,720.0,0,0
240,949,80,723.0,0,0
241,952,80,726.0,0,0
242,955,80,729.0,0,0
243,958,80,732.0,0,0
244,961,80,735.0,0,0
245,964,80,738.0,0,0
246,967,80,741.0,0,0
247,970,80,744.0,0,0
248,973,80,747.0,0,0
249,973,83,750.0,0,0
250,973,86,753.0,0,0
251,973,89,756.0,0,0
252,973,92,759.0,0,0
253,973,95,762.0,0,0
254,973,98,765.0,0,0
255,973,101,768.0,0,0
256,973,104,771.0,0,0
257,970,104,774.0,0,0
258,967,104,777.0,0,0
259,964,104,780.0,0,0
260,961,104,783.0,0,0
261,958,104,786.0,0,0
262,955,104,789.0,0,0
263,952,104,792.0,0,0
264,949,104,795.0,0,0
265,946,104,798.0,0,0
266,943,104,801.0,0,0
267,940,104,804.0,0,0
268,937,104,807.0,0,0
269,934,104,810.0,0,0
270,931,104,813.0,0,0
271,928,104,816.0,0,0
272,925,104,819.0,0,0
273,922,104,822.0,0,0
274,919,104,825.0,0,0
275,916,104,828.0,0,0
276,913,104,831.0,0,0
277,910,104,834.0,0,0
278,907,104,837.0,0,0
279,904,104,840.0,0,0
280,901,104,843.0,0,0
281,898,104,846.0,0,0
282,895,104,849.0,0,0
283,892,104,852.0,0,0
284,889,104,855.0,0,0
285,886,104,858.0,0,0
286,883,104,861.0,0,0
287,880,104,864.0,0,0
288,877,104,867.0,0,0
289,874,104,870.0,0,0
290,871,104,873.0,0,0
291,868,104,876.0,0,0
292,865,104,879.0,0,0
293,862,104,882.0,0,0
294,859,104,885.0,0,0
295,856,104,888.0,0,0
296,853,104,891.0,0,0
297,850,104,894.0,0,0
298,847,104,897.0,0,0
299,844,104,900.0,0,0
300,841,104,903.0,0,0
301,838,104,906.0,0,0
302,835,104,909.0,0,0
303,832,104,912.0,0,0
304,829,104,915.0,0,0
305,826,104,918.0,0,0
306,823,104,921.0,0,0
307,820,104,924.0,0,0
308,817,104,927.0,0,0
309,814,104,930.0,0,0
310,811,104,933.0,0,0
311,808,104,936.0,0,0
312,805,104,939.0,0,0
313,802,104,942.0,0,0
314,799,104,945.0,0,0
315,796,104,948.0,0,0
316,793,104,951.0,0,0
317,790,104,954.0,0,0
318,787,104,957.0,0,0
319,784,104,960.0,0,0
320,781,104,963.0,0,0
321,778,104,966.0,0,0
322,775,104,969.0,0,0
323,772,104,972.0,0,0
324,769,104,975.0,0,0
325,766,104,978.0,0,0
326,763,104,981.0,0,0
327,760,104,984.0,0,0
328,757,104,987.0,0,0
329,754,104,990.0,0,0
330,751,104,993.0,0,0
331,748,104,996.0,0,0
332,745,104,999.0,0,0
333,742,104,1002.0,0,0
334,739,104,1005.0,0,0
335,736,104,1008.0,0,0
336,733,104,1011.0,0,0
337,730,104,1014.0,0,0
338,727,104,1017.0,0,0
339,724,104,1020.0,0,0
340,721,104,1023.0,0,0
341,718,104,1026.0,0,0
342,715,104,1029.0,0,0
343,712,104,1032.0,0,0
344,709,104,1035.0,0,0
345,706,104,1038.0,0,0
346,703,104,1041.0,0,0
347,700,104,1044.0,0,0
348,697,104,1047.0,0,0
349,694,104,1050.0,0,0
350,691,104,1053.0,0,0
351,688,104,1056.0,0,0
352,685,104,1059.0,0,0
353,682,104,1062.0,0,0
354,679,104,1065.0,0,0
355,678,107,1068.0,0,0
356,678,110,1071.0,0,0
357,677,113,1074.0,0,0
358,677,116,1077.0,0,0
359,676,119,1080.0,0,0
360,676,122,1083.0,0,0
361,673,122,1086.0,0,0
362,670,122,1089.0,0,0
363,667,122,1092.0,0,0
364,664,122,1095.0,0,0
365,661,122,1098.0,0,0
366,658,122,1101.0,0,0
367,655,122,1104.0,0,0
368,652,122,1107.0,0,0
369,649,122,1110.0,0,0
370,646,122,1113.0,0,0
371,643,122,1116.0,0,0
372,640,122,1119.0,0,0
373,637,122,1122.0,0,0
374,634,122,1125.0,0,0
375,631,122,1128.0,0,0
376,628,122,1131.0,0,0
377,625,122,1134.0,0,0
378,622,122,1137.0,0,0
379,619,122,1140.0,0,0
380,616,122,1143.0,0,0
381,613,122,1146.0,0,0
382,610,122,1149.0,0,0
383,607,122,1152.0,0,0
384,604,122,1155.0,0,0
385,601,122,1158.0,0,0
386,598,122,1161.0,0,0
387,595,122,1164.0,0,0
388,592,122,1167.0,0,0
389,589,122,1170.0,0,0
390,586,122,1173.0,0,0
391,583,122,1176.0,0,0
392,580,122,1179.0,0,0
393,577,122,1182.0,0,0
394,574,122,1185.0,0,0
395,571,122,1188.0,0,0
396,568,122,1191.0,0,0
397,565,122,1194.0,0,0
398,562,122,1197.0,0,0
399,559,122,1200.0,0,0
400,556,122,1203.0,0,0
401,553,122,1206.0,0,0
402,550,122,1209.0,0,0
403,547,122,1212.0,0,0
404,544,122,1215.0,0,0
405,541,122,1218.0,0,0
406,538,122,1221.0,0,0
407,535,122,1224.0,0,0
408,532,122,1227.0,0,0
409,529,122,1230.0,0,0
410,526,122,1233.0,0,0
411,523,122,1236.0,0,0
412,520,122,1239.0,0,0
413,517,122,1242.0,0,0
414,514,122,1245.0,0,0
415,511,122,1248.0,0,0
416,508,122,1251.0,0,0
417,505,122,1254.0,0,0
418,502,122,1257.0,0,0
419,499,122,1260.0,0,0
420,496,122,1263.0,0,0
421,493,122,1266.0,0,0
422,490,122,1269.0,0,0
423,487,122,1272.0,0,0
424,484,122,1275.0,0,0
425,481,122,1278.0,0,0
426,478,122,1281.0,0,0
427,475,122,1284.0,0,0
428,472,122,1287.0,0,0
429,469,122,1290.0,0,0
430,466,122,1293.0,0,0
431,463,122,1296.0,0,0
432,460,122,1299.0,0,0
433,457,122,1302.0,0,0
434,454,122,1305.0,0,0
435,451,122,1308.0,0,0
436,448,122,1311.0,0,0
437,445,122,1314.0,0,0
438,442,122,1317.0,0,0
439,439,122,1320.0,0,0
440,436,122,1323.0,0,0
441,433,122,1326.0,0,0
442,430,122,1329.0,0,0
443,427,122,1332.0,0,0
444,424,122,1335.0,0,0
445,421,122,1338.0,0,0
446,418,122,1341.0,0,0
447,415,122,1344.0,0,0
448,412,122,1347.0,0,0
449,409,122,1350.0,0,0
450,406,122,1353.0,0,0
451,403,122,1356.0,0,0
452,400,122,1359.0,0,0
453,397,122,1362.0,0,0
454,394,122,1365.0,0,0
455,391,122,1368.0,0,0
456,388,122,1371.0,0,0
457,385,122,1374.0,0,0
458,382,122,1377.0,0,0
459,379,122,1380.0,0,0
460,376,122,1383.0,0,0
461,373,122,1386.0,0,0
462,370,122,1389.0,0,0
463,367,122,1392.0,0,0
464,364,122,1395.0,0,0
465,361,122,1398.0,0,0
466,358,122,1401.0,0,0
467,355,122,1404.0,0,0
468,352,122,1407.0,0,0
469,349,122,1410.0,0,0
470,346,122,1413.0,0,0
471,343,122,1416.0,0,0
472,340,122,1419.0,0,0
473,337,122,1422.0,0,0
474,334,122,1425.0,0,0
475,331,122,1428.0,0,0
476,328,122,1431.0,0,0
477,325,122,1434.0,0,0
478,322,122,1437.0,0,0
479,319,122,1440.0,0,0
480,316,122,1443.0,0,0
481,313,122,1446.0,0,0
482,310,122,1449.0,0,0
483,307,122,1452.0,0,0
484,304,122,1455.0,0,0
485,301,122,1458.0,0,0
486,298,122,1461.0,0,0
487,295,122,1464.0,0,0
488,292,122,1467.0,0,0
489,289,122,1470.0,0,0
490,286,122,1473.0,0,0
491,283,122,1476.0,0,0
492,280,122,1479.0,0,0
493,277,122,1482.0,0,0
494,274,122,1485.0,1,0
495,271,122,1488.0,1,0
496,268,122,1491.0,1,0
497,265,122,1494.0,1,0
498,262,122,1497.0,1,0
499,259,122,1500.0,1,0
500,256,122,1503.0,1,0
501,253,122,1506.0,1,0
502,250,122,1509.0,1,0
503,247,122,1512.0,1,0
504,244,122,1515.0,1,0
505,241,122,1518.0,1,0
506,238,122,1521.0,1,0
507,235,122,1524.0,1,0
508,232,122,1527.0,1,0
509,229,122,1530.0,1,0
510,226,122,1533.0,1,0
511,223,122,1536.0,1,0
512,220,122,1539.0,1,0
513,217,122,1542.0,1,0
514,214,122,1545.0,1,0
515,211,122,1548.0,1,0
516,208,122,1551.0,1,0
517,205,122,1554.0,1,0
518,202,122,1557.0,1,0
519,199,122,1560.0,1,0
520,196,122,1563.0,1,0
521,193,122,1566.0,1,0
522,190,122,1569.0,1,0
523,187,122,1572.0,1,0
524,184,122,1575.0,1,0
525,181,122,1578.0,1,0
526,178,122,1581.0,1,0
527,175,122,1584.0,1,0
528,172,122,1587.0,1,0
529,169,122,1590.0,1,0
530,166,122,1593.0,1,0
531,163,122,1596.0,1,0
532,160,122,1599.0,1,0
533,157,122,1602.0,1,0
534,154,122,1605.0,1,0
535,151,122,1608.0,1,0
536,148,122,1611.0,1,0
537,145,122,1614.0,1,0
538,142,122,1617.0,1,0
539,139,122,1620.0,1,0
540,136,122,1623.0,1,0
541,133,122,1626.0,1,0
542,130,122,1629.0,1,0
543,127,122,1632.0,1,0
544,124,122,1635.0,1,0
545,121,122,1638.0,1,0
546,118,122,1641.0,1,0
547,115,122,1644.0,1,0
548,112,122,1647.0,1,0
549,109,122,1650.0,1,0
550,106,122,1653.0,1,0
551,103,122,1656.0,1,0
552,100,122,1659.0,1,0
553,97,122,1662.0,1,0
554,94,122,1665.0,1,0
555,91,122,1668.0,1,0
556,88,122,1671.0,1,0
557,85,122,1674.0,1,0
558,82,122,1677.0,1,0
559,79,122,1680.0,1,0
560,76,122,1683.0,1,0
561,73,122,1686.0,1,0
562,70,122,1689.0,1,0
563,67,122,1692.0,1,0
564,64,122,1695.0,1,0
565,61,122,1698.0,1,0
566,58,122,1701.0,1,0
567,55,122,1704.0,1,0
568,52,122,1707.0,1,0
569,49,122,1710.0,1,0
570,46,122,1713.0,1,0
571,43,122,1716.0,1,0
572,40,122,1719.0,1,0
573,37,122,1722.0,1,0
574,34,122,1725.0,1,0
575,31,122,1728.0,1,0
576,28,122,1731.0,1,0
577,25,122,1734.0,1,0
578,25,125,1737.0,1,0
579,25,128,1740.0,1,0
580,25,131,1743.0,1,0
581,25,134,1746.0,1,0
582,25,137,1749.0,1,0
583,25,140,1752.0,1,0
584,25,143,1755.0,1,0
585,25,146,1758.0,1,0
586,28,146,1761.0,1,0
587,31,146,1764.0,1,0
588,34,146,1767.0,1,0
589,37,146,1770.0,1,0
590,40,146,1773.0,1,0
591,43,146,1776.0,1,0
592,46,146,1779.0,1,0
593,49,146,1782.0,1,0
594,52,146,1785.0,1,0
595,55,146,1788.0,1,0
596,58,146,1791.0,1,0
597,61,146,1794.0,1,0
598,64,146,1797.0,1,0
599,67,146,1800.0,1,0
600,70,146,1803.0,1,0
601,73,146,1806.0,1,0
602,76,146,1809.0,1,0
603,79,146,1812.0,1,0
604,82,146,1815.0,1,0
605,85,146,1818.0,1,0
606,88,146,1821.0,1,0
607,91,146,1824.0,1,0
608,94,146,1827.0,1,0
609,97,146,1830.0,1,0
610,100,146,1833.0,1,0
611,103,146,1836.0,1,0
612,106,146,1839.0,1,0
613,109,146,1842.0,1,0
614,112,146,1845.0,1,0
615,115,146,1848.0,1,0
616,118,146,1851.0,1,0
617,121,146,1854.0,1,0
618,124,146,1857.0,1,0
619,127,146,1860.0,1,0
620,130,146,1863.0,1,0
621,133,146,1866.0,1,0
622,136,146,1869.0,1,0
623,139,146,1872.0,1,0
624,142,146,1875.0,1,0
625,145,146,1878.0,1,0
626,148,146,1881.0,1,0
627,151,146,1884.0,1,0
628,154,146,1887.0,1,0
629,157,146,1890.0,1,0
630,160,146,1893.0,1,0
631,163,146,1896.0,1,0
632,166,146,1899.0,1,0
633,169,146,1902.0,1,0
634,172,146,1905.0,1,0
635,175,146,1908.0,1,0
636,178,146,1911.0,1,0
637,181,146,1914.0,1,0
638,184,146,1917.0,1,0
639,187,146,1920.0,1,0
640,190,146,1923.0,1,0
641,193,146,1926.0,1,0
642,196,146,1929.0,1,0
643,199,146,1932.0,1,0
644,202,146,1935.0,1,0
645,205,146,1938.0,1,0
646,208,146,1941.0,1,0
647,211,146,1944.0,1,0
648,214,146,1947.0,1,0
649,217,146,1950.0,1,0
650,220,146,1953.0,1,0
651,223,146,1956.0,1,0
652,226,146,1959.0,1,0
653,229,146,1962.0,1,0
654,232,146,1965.0,1,0
655,235,146,1968.0,1,0
656,238,146,1971.0,1,0
657,241,146,1974.0,1,0
658,244,146,1977.0,1,0
659,247,146,1980.0,1,0
660,250,146,1983.0,1,0
661,253,146,1986.0,1,0
662,256,146,1989.0,1,0
663,259,146,1992.0,1,0
664,262,146,1995.0,1,0
665,265,146,1998.0,1,0
666,268,146,2001.0,1,0
667,271,146,2004.0,1,0
668,274,146,2007.0,1,0
669,277,146,2010.0,1,0
670,280,146,2013.0,1,0
671,283,146,2016.0,1,0
672,286,146,2019.0,1,0
673,289,146,2022.0,1,0
674,292,146,2025.0,1,0
675,295,146,2028.0,1,0
676,298,146,2031.0,1,0
677,301,146,2034.0,1,0
678,304,146,2037.0,1,0
679,307,146,2040.0,1,0
680,310,146,2043.0,1,0
681,313,146,2046.0,1,0
682,316,146,2049.0,1,0
683,319,146,2052.0,1,0
684,322,146,2055.0,1,0
685,325,146,2058.0,1,0
686,328,146,2061.0,1,0
687,331,146,2064.0,1,0
688,334,146,2067.0,1,0
689,337,146,2070.0,1,0
690,340,146,2073.0,1,0
691,343,146,2076.0,1,0
692,346,146,2079.0,1,0
693,349,146,2082.0,1,0
694,352,146,2085.0,1,0
695,355,146,2088.0,1,0
696,358,146,2091.0,1,0
697,361,146,2094.0,1,0
698,364,146,2097.0,1,0
699,367,146,2100.0,1,0
700,370,146,2103.0,1,0
701,373,146,2106.0,1,0
702,376,146,2109.0,1,0
703,379,146,2112.0,1,0
704,382,146,2115.0,1,0
705,385,146,2118.0,1,0
706,388,146,2121.0,1,0
707,391,146,2124.0,1,0
708,394,146,2127.0,1,0
709,397,146,2130.0,1,0
710,400,146,2133.0,1,0
711,403,146,2136.0,1,0
712,406,146,2139.0,1,0
713,409,146,2142.0,1,0
714,412,146,2145.0,1,0
715,415,146,2148.0,1,0
716,418,146,2151.0,1,0
717,421,146,2154.0,1,0
718,424,146,2157.0,1,0
719,427,146,2160.0,1,0
720,430,146,2163.0,1,0
721,433,146,2166.0,1,0
722,436,146,2169.0,1,0
723,439,146,2172.0,1,0
724,442,146,2175.0,1,0
725,445,146,2178.0,1,0
726,448,146,2181.0,1,0
727,451,146,2184.0,1,0
728,454,146,2187.0,1,0
729,457,146,2190.0,1,0
730,460,146,2193.0,1,0
731,463,146,2196.0,1,0
732,466,146,2199.0,1,0
733,469,146,2202.0,1,0
734,472,146,2205.0,1,0
735,475,146,2208.0,1,0
736,478,146,2211.0,1,0
737,481,146,2214.0,1,0
738,484,146,2217.0,1,0
739,487,146,2220.0,1,0
740,490,146,2223.0,1,0
741,493,146,2226.0,1,0
742,496,146,2229.0,1,0
743,499,146,2232.0,1,0
744,502,146,2235.0,1,0
745,505,146,2238.0,1,0
746,508,146,2241.0,1,0
747,511,146,2244.0,1,0
748,514,146,2247.0,1,0
749,517,146,2250.0,1,0
750,520,146,2253.0,1,0
751,523,146,2256.0,1,0
752,526,146,2259.0,1,0
753,529,146,2262.0,1,0
754,532,146,2265.0,1,0
755,535,146,2268.0,1,0
756,538,146,2271.0,1,0
757,541,146,2274.0,1,0
758,544,146,2277.0,1,0
759,547,146,2280.0,1,0
760,550,146,2283.0,1,0
761,553,146,2286.0,1,0
762,556,146,2289.0,1,0
763,559,146,2292.0,1,0
764,562,146,2295.0,1,0
765,565,146,2298.0,1,0
766,568,146,2301.0,1,0
767,571,146,2304.0,1,0
768,574,146,2307.0,1,0
769,577,146,2310.0,1,0
770,580,146,2313.0,1,0
771,583,146,2316.0,1,0
772,586,146,2319.0,1,0
773,589,146,2322.0,1,0
774,592,146,2325.0,1,0
775,595,146,2328.0,1,0
776,598,146,2331.0,1,0
777,601,146,2334.0,1,0
778,604,146,2337.0,1,0
779,607,146,2340.0,1,0
780,610,146,2343.0,1,0
781,613,146,2346.0,1,0
782,616,146,2349.0,1,0
783,619,146,2352.0,1,0
784,622,146,2355.0,1,0
785,625,146,2358.0,1,0
786,628,146,2361.0,1,0
787,631,146,2364.0,1,0
788,634,146,2367.0,1,0
789,637,146,2370.0,1,0
790,640,146,2373.0,1,0
791,643,146,2376.0,1,0
792,646,146,2379.0,1,0
793,649,146,2382.0,1,0
794,652,146,2385.0,1,0
795,655,146,2388.0,1,0
796,658,146,2391.0,1,0
797,661,146,2394.0,1,0
798,664,146,2397.0,1,0
799,667,146,2400.0,1,0
800,670,146,2403.0,1,0
801,673,146,2406.0,1,0
802,676,146,2409.0,1,0
803,679,146,2412.0,1,0
804,682,146,2415.0,1,0
805,685,146,2418.0,1,0
806,688,146,2421.0,1,0
807,691,146,2424.0,1,0
808,694,146,2427.0,1,0
809,697,146,2430.0,1,0
810,700,146,2433.0,1,0
811,703,146,2436.0,1,0
812,706,146,2439.0,1,0
813,709,146,2442.0,1,0
814,712,146,2445.0,1,0
815,715,146,2448.0,1,0
816,718,146,2451.0,1,0
817,721,146,2454.0,1,0
818,724,146,2457.0,1,0
819,727,146,2460.0,1,0
820,730,146,2463.0,1,0
821,733,146,2466.0,1,0
822,736,146,2469.0,1,0
823,739,146,2472.0,1,0
824,742,146,2475.0,1,0
825,745,146,2478.0,1,0
826,748,146,2481.0,1,0
827,751,146,2484.0,1,0
828,754,146,2487.0,1,0
829,757,146,2490.0,1,0
830,760,146,2493.0,1,0
831,763,146,2496.0,1,0
832,766,146,2499.0,1,0
833,769,146,2502.0,1,0
834,772,146,2505.0,1,0
835,775,146,2508.0,1,0
836,778,146,2511.0,1,0
837,781,146,2514.0,1,0
838,784,146,2517.0,1,0
839,787,146,2520.0,1,0
840,790,146,2523.0,1,0
841,793,146,2526.0,1,0
842,796,146,2529.0,1,0
843,799,146,2532.0,1,0
844,802,146,2535.0,1,0
845,805,146,2538.0,1,0
846,808,146,2541.0,1,0
847,811,146,2544.0,1,0
848,814,146,2547.0,1,0
849,817,146,2550.0,1,0
850,820,146,2553.0,1,0
851,823,146,2556.0,1,0
852,826,146,2559.0,1,0
853,829,146,2562.0,1,0
854,832,146,2565.0,1,0
855,835,146,2568.0,1,0
856,838,146,2571.0,1,0
857,841,146,2574.0,1,0
858,844,146,2577.0,1,0
859,847,146,2580.0,1,0
860,850,146,2583.0,1,0
861,853,146,2586.0,1,0
862,856,146,2589.0,1,0
863,859,146,2592.0,1,0
864,862,146,2595.0,1,0
865,865,146,2598.0,1,0
866,868,146,2601.0,1,0
867,871,146,2604.0,1,0
868,874,146,2607.0,1,0
869,877,146,2610.0,1,0
870,880,146,2613.0,1,0
871,883,146,2616.0,1,0
872,886,146,2619.0,1,0
873,889,146,2622.0,1,0
874,892,146,2625.0,1,0
875,895,146,2628.0,1,0
876,898,146,2631.0,1,0
877,901,146,2634.0,1,0
878,904,146,2637.0,1,0
879,907,146,2640.0,1,0
880,910,146,2643.0,1,0
881,913,146,2646.0,1,0
882,916,146,2649.0,1,0
883,919,146,2652.0,1,0
884,922,146,2655.0,1,0
885,925,146,2658.0,1,0
886,928,146,2661.0,1,0
887,931,146,2664.0,1,0
888,934,146,2667.0,1,0
889,937,146,2670.0,1,0
890,940,146,2673.0,1,0
891,943,146,2676.0,1,0
892,946,146,2679.0,1,0
893,949,146,2682.0,1,0
894,952,146,2685.0,1,0
895,955,146,2688.0,1,0
896,958,146,2691.0,1,0
897,961,146,2694.0,1,0
898,964,146,2697.0,1,0
899,967,146,2700.0,1,0
900,970,146,2703.0,1,0
901,973,146,2706.0,1,0
902,973,149,2709.0,1,0
903,973,152,2712.0,1,0
904,973,155,2715.0,1,0
905,973,158,2718.0,1,0
906,973,161,2721.0,1,0
907,973,164,2724.0,1,0
908,973,167,2727.0,1,0
909,973,170,2730.0,1,0
910,970,170,2733.0,1,0
911,967,170,2736.0,1,0
912,964,170,2739.0,1,0
913,961,170,2742.0,1,0
914,958,170,2745.0,1,0
915,955,170,2748.0,1,0
916,952,170,2751.0,1,0
917,949,170,2754.0,1,0
918,946,170,2757.0,1,0
919,943,170,2760.0,1,0
920,940,170,2763.0,1,0
921,937,170,2766.0,1,0
922,934,170,2769.0,1,0
923,931,170,2772.0,1,0
924,928,170,2775.0,1,0
925,925,170,2778.0,1,0
926,922,170,2781.0,1,0
927,919,170,2784.0,1,0
928,916,170,2787.0,1,0
929,913,170,2790.0,1,0
930,910,170,2793.0,1,0
931,907,170,2796.0,1,0
932,904,170,2799.0,1,0
933,901,170,2802.0,1,0
934,898,170,2805.0,1,0
935,895,170,2808.0,1,0
936,892,170,2811.0,1,0
937,889,170,2814.0,1,0
938,886,170,2817.0,1,0
939,883,170,2820.0,1,0
940,880,170,2823.0,1,0
941,877,170,2826.0,1,0
942,874,170,2829.0,1,0
943,871,170,2832.0,1,0
944,868,170,2835.0,1,0
945,865,170,2838.0,1,0
946,862,170,2841.0,1,0
947,859,170,2844.0,1,0
948,856,170,2847.0,1,0
949,853,170,2850.0,1,0
950,850,170,2853.0,1,0
951,847,170,2856.0,1,0
952,844,170,2859.0,1,0
953,841,170,2862.0,1,0
954,838,170,2865.0,1,0
955,835,170,2868.0,1,0
956,832,170,2871.0,1,0
957,829,170,2874.0,1,0
958,826,170,2877.0,1,0
959,823,170,2880.0,1,0
960,820,170,2883.0,1,0
961,817,170,2886.0,1,0
962,814,170,2889.0,1,0
963,811,170,2892.0,1,0
964,808,170,2895.0,1,0
965,805,170,2898.0,1,0
966,802,170,2901.0,1,0
967,799,170,2904.0,1,0
968,796,170,2907.0,1,0
969,793,170,2910.0,1,0
970,790,170,2913.0,1,0
971,787,170,2916.0,1,0
972,784,170,2919.0,1,0
973,781,170,2922.0,1,0
974,778,170,2925.0,1,0
975,775,170,2928.0,1,0
976,772,170,2931.0,1,0
977,769,170,2934.0,1,0
978,766,170,2937.0,1,0
979,763,170,2940.0,1,0
980,760,170,2943.0,1,0
981,757,170,2946.0,1,0
982,754,170,2949.0,1,0
983,751,170,2952.0,1,0
984,748,170,2955.0,1,0
985,745,170,2958.0,1,0
986,742,170,2961.0,1,0
987,739,170,2964.0,1,0
988,736,170,2967.0,1,0
989,733,170,2970.0,1,0
990,730,170,2973.0,1,0
991,727,170,2976.0,1,0
992,724,170,2979.0,1,0
993,721,170,2982.0,1,0
994,718,170,2985.0,1,0
995,715,170,2988.0,1,0
996,712,170,2991.0,1,0
997,709,170,2994.0,1,0
998,706,170,2997.0,1,0
999,703,170,3000.0,1,0
1000,700,170,3003.0,1,0
1001,697,170,3006.0,1,0
1002,694,170,3009.0,1,0
1003,691,170,3012.0,1,0
1004,688,170,3015.0,1,0
1005,685,170,3018.0,1,0
1006,682,170,3021.0,1,0
1007,679,170,3024.0,1,0
1008,679,173,3027.0,1,0
1009,678,176,3030.0,1,0
1010,678,179,3033.0,1,0
1011,677,182,3036.0,1,0
1012,674,182,3039.0,1,0
1013,671,182,3042.0,1,0
1014,668,182,3045.0,1,0
1015,665,182,3048.0,1,0
1016,662,182,3051.0,1,0
1017,659,182,3054.0,1,0
1018,656,182,3057.0,1,0
1019,653,182,3060.0,1,0
1020,650,182,3063.0,1,0
1021,647,182,3066.0,1,0
1022,644,182,3069.0,1,0
1023,641,182,3072.0,1,0
1024,638,182,3075.0,1,0
1025,635,182,3078.0,1,0
1026,632,182,3081.0,1,0
1027,629,182,3084.0,1,0
1028,626,182,3087.0,1,0
1029,623,182,3090.0,1,0
1030,620,182,3093.0,1,0
1031,617,182,3096.0,1,0
1032,614,182,3099.0,1,0
1033,611,182,3102.0,1,0
1034,608,182,3105.0,1,0
1035,605,182,3108.0,1,0
1036,602,182,3111.0,1,0
1037,599,182,3114.0,1,0
1038,596,182,3117.0,1,0
1039,593,182,3120.0,1,0
1040,590,182,3123.0,1,0
1041,587,182,3126.0,1,0
1042,584,182,3129.0,1,0
1043,581,182,3132.0,1,0
1044,578,182,3135.0,1,0
1045,575,182,3138.0,1,0
1046,572,182,3141.0,1,0
1047,569,182,3144.0,1,0
1048,566,182,3147.0,1,0
1049,563,182,3150.0,1,0
1050,560,182,3153.0,1,0
1051,557,182,3156.0,1,0
1052,554,182,3159.0,1,0
1053,551,182,3162.0,1,0
1054,548,182,3165.0,1,0
1055,545,182,3168.0,1,0
1056,542,182,3171.0,1,0
1057,539,182,3174.0,1,0
1058,536,182,3177.0,1,0
1059,533,182,3180.0,1,0
1060,530,182,3183.0,1,0
1061,527,182,3186.0,1,0
1062,524,182,3189.0,1,0
1063,521,182,3192.0,1,0
1064,518,182,3195.0,1,0
1065,515,182,3198.0,1,0
1066,512,182,3201.0,1,0
1067,509,182,3204.0,1,0
1068,506,182,3207.0,1,0
1069,503,182,3210.0,1,0
1070,500,182,3213.0,1,0
1071,497,182,3216.0,1,0
1072,494,182,3219.0,1,0
1073,491,182,3222.0,1,0
1074,488,182,3225.0,1,0
1075,485,182,3228.0,1,0
1076,482,182,3231.0,1,0
1077,479,182,3234.0,1,0
1078,476,182,3237.0,1,0
1079,473,182,3240.0,1,0
1080,470,182,3243.0,1,0
1081,467,182,3246.0,1,0
1082,464,182,3249.0,1,0
1083,461,182,3252.0,1,0
1084,458,182,3255.0,1,0
1085,455,182,3258.0,1,0
1086,452,182,3261.0,1,0
1087,449,182,3264.0,1,0
1088,446,182,3267.0,1,0
1089,443,182,3270.0,1,0
1090,440,182,3273.0,1,0
1091,437,182,3276.0,1,0
1092,434,182,3279.0,1,0
1093,431,182,3282.0,1,0
1094,428,182,3285.0,1,0
1095,425,182,3288.0,1,0
1096,422,182,3291.0,1,0
1097,419,182,3294.0,1,0
1098,416,182,3297.0,1,0
1099,413,182,3300.0,1,0
1100,410,182,3303.0,1,0
1101,407,182,3306.0,1,0
1102,404,182,3309.0,1,0
1103,401,182,3312.0,1,0
1104,398,182,3315.0,1,0
1105,395,182,3318.0,1,0
1106,392,182,3321.0,1,0
1107,389,182,3324.0,1,0
1108,386,182,3327.0,1,0
1109,383,182,3330.0,1,0
1110,380,182,3333.0,1,0
1111,377,182,3336.0,1,0
1112,374,182,3339.0,1,0
1113,371,182,3342.0,1,0
1114,368,182,3345.0,1,0
1115,365,182,3348.0,1,0
1116,362,182,3351.0,1,0
1117,359,182,3354.0,1,0
1118,356,182,3357.0,1,0
1119,353,182,3360.0,1,0
1120,350,182,3363.0,1,0
1121,347,182,3366.0,1,0
1122,344,182,3369.0,1,0
1123,341,182,3372.0,1,0
1124,338,182,3375.0,1,0
1125,335,182,3378.0,1,0
1126,332,182,3381.0,1,0
1127,329,182,3384.0,1,0
1128,326,182,3387.0,1,0
1129,323,182,3390.0,1,0
1130,320,182,3393.0,1,0
1131,317,182,3396.0,1,0
1132,314,182,3399.0,1,0
1133,311,182,3402.0,1,0
1134,308,182,3405.0,1,0
1135,305,182,3408.0,1,0
1136,302,182,3411.0,1,0
1137,299,182,3414.0,1,0
1138,296,182,3417.0,1,0
1139,293,182,3420.0,1,0
1140,290,182,3423.0,1,0
1141,287,182,3426.0,1,0
1142,284,182,3429.0,1,0
1143,281,182,3432.0,1,0
1144,278,182,3435.0,1,0
1145,275,182,3438.0,1,0
1146,272,182,3441.0,1,0
1147,269,182,3444.0,1,0
1148,266,182,3447.0,1,0
1149,263,182,3450.0,1,0
1150,260,182,3453.0,1,0
1151,257,182,3456.0,1,0
1152,254,182,3459.0,1,0
1153,251,182,3462.0,1,0
1154,248,182,3465.0,1,0
1155,245,182,3468.0,1,0
1156,242,182,3471.0,1,0
1157,239,182,3474.0,1,0
1158,236,182,3477.0,1,0
1159,233,182,3480.0,1,0
1160,230,182,3483.0,1,0
1161,227,182,3486.0,1,0
1162,224,182,3489.0,1,0
1163,221,182,3492.0,1,0
1164,218,182,3495.0,1,0
1165,215,182,3498.0,1,0
1166,212,182,3501.0,1,0
1167,209,182,3504.0,1,0
1168,206,182,3507.0,1,0
1169,203,182,3510.0,1,0
1170,200,182,3513.0,1,0
1171,197,182,3516.0,1,0
1172,194,182,3519.0,1,0
1173,191,182,3522.0,1,0
1174,188,182,3525.0,1,0
1175,185,182,3528.0,1,0
1176,182,182,3531.0,1,0
1177,179,182,3534.0,1,0
1178,176,182,3537.0,1,0
1179,173,182,3540.0,1,0
1180,170,182,3543.0,1,0
1181,167,182,3546.0,1,0
1182,164,182,3549.0,1,0
1183,161,182,3552.0,1,0
1184,158,182,3555.0,1,0
1185,155,182,3558.0,1,0
1186,152,182,3561.0,1,0
1187,149,182,3564.0,1,0
1188,146,182,3567.0,1,0
1189,143,182,3570.0,1,0
1190,140,182,3573.0,1,0
1191,137,182,3576.0,1,0
1192,134,182,3579.0,1,0
1193,131,182,3582.0,1,0
1194,128,182,3585.0,1,0
1195,125,182,3588.0,1,0
1196,122,182,3591.0,1,0
1197,119,182,3594.0,1,0
1198,116,182,3597.0,1,0
1199,113,182,3600.0,1,0
1200,110,182,3603.0,1,0
1201,107,182,3606.0,1,0
1202,104,182,3609.0,1,0
1203,101,182,3612.0,1,0
1204,98,182,3615.0,1,0
1205,95,182,3618.0,1,0
1206,92,182,3621.0,1,0
1207,89,182,3624.0,1,0
1208,86,182,3627.0,1,0
1209,83,182,3630.0,1,0
1210,80,182,3633.0,1,0
1211,77,182,3636.0,1,0
1212,74,182,3639.0,1,0
1213,71,182,3642.0,1,0
1214,68,182,3645.0,1,0
1215,65,182,3648.0,1,0
1216,62,182,3651.0,1,0
1217,59,182,3654.0,1,0
1218,56,182,3657.0,1,0
1219,53,182,3660.0,1,0
1220,50,182,3663.0,1,0
1221,47,182,3666.0,1,0
1222,44,182,3669.0,1,0
1223,41,182,3672.0,1,0
1224,38,182,3675.0,1,0
1225,35,182,3678.0,1,0
1226,32,182,3681.0,1,0
1227,29,182,3684.0,1,0
1228,26,182,3687.0,1,0
1229,26,185,3690.0,1,0
1230,26,188,3693.0,1,0
1231,26,191,3696.0,1,0
1232,26,194,3699.0,1,0
1233,26,197,3702.0,1,0
1234,26,200,3705.0,1,0
1235,26,203,3708.0,1,0
1236,26,206,3711.0,1,0
1237,29,206,3714.0,1,0
1238,32,206,3717.0,1,0
1239,35,206,3720.0,1,0
1240,38,206,3723.0,1,0
1241,41,206,3726.0,1,0
1242,44,206,3729.0,1,0
1243,47,206,3732.0,1,0
1244,50,206,3735.0,1,0
1245,53,206,3738.0,1,0
1246,56,206,3741.0,1,0
1247,59,206,3744.0,1,0
1248,62,206,3747.0,1,0
1249,65,206,3750.0,1,0
1250,68,206,3753.0,1,0
1251,71,206,3756.0,1,0
1252,74,206,3759.0,1,0
1253,77,206,3762.0,1,0
1254,80,206,3765.0,1,0
1255,83,206,3768.0,1,0
1256,86,206,3771.0,1,0
1257,89,206,3774.0,1,0
1258,92,206,3777.0,1,0
1259,95,206,3780.0,1,0
1260,98,206,3783.0,1,0
1261,101,206,3786.0,1,0
1262,104,206,3789.0,1,0
1263,107,206,3792.0,1,0
1264,110,206,3795.0,1,0
1265,113,206,3798.0,1,0
1266,116,206,3801.0,1,0
1267,119,206,3804.0,1,0
1268,122,206,3807.0,1,0
1269,125,206,3810.0,1,0
1270,128,206,3813.0,1,0
1271,131,206,3816.0,1,0
1272,134,206,3819.0,1,0
1273,137,206,3822.0,1,0
1274,140,206,3825.0,1,0
1275,143,206,3828.0,1,0
1276,146,206,3831.0,1,0
1277,149,206,3834.0,1,0
1278,152,206,3837.0,1,0
1279,155,206,3840.0,1,0
1280,158,206,3843.0,1,0
1281,161,206,3846.0,1,0
1282,164,206,3849.0,1,0
1283,167,206,3852.0,1,0
1284,170,206,3855.0,1,0
1285,173,206,3858.0,1,0
1286,176,206,3861.0,1,0
1287,179,206,3864.0,1,0
1288,182,206,3867.0,1,0
1289,185,206,3870.0,1,0
1290,188,206,3873.0,1,0
1291,191,206,3876.0,1,0
1292,194,206,3879.0,1,0
1293,197,206,3882.0,1,0
1294,200,206,3885.0,1,0
1295,203,206,3888.0,1,0
1296,206,206,3891.0,1,0
1297,209,206,3894.0,1,0
1298,212,206,3897.0,1,0
1299,215,206,3900.0,1,0
1300,218,206,3903.0,1,0
1301,221,206,3906.0,1,0
1302,224,206,3909.0,1,0
1303,227,206,3912.0,1,0
1304,230,206,3915.0,1,0
1305,233,206,3918.0,1,0
1306,236,206,3921.0,1,0
1307,239,206,3924.0,1,0
1308,242,206,3927.0,1,0
1309,245,206,3930.0,1,0
1310,248,206,3933.0,1,0
1311,251,206,3936.0,1,0
1312,254,206,3939.0,1,0
1313,257,206,3942.0,1,0
1314,260,206,3945.0,1,0
1315,263,206,3948.0,1,0
1316,266,206,3951.0,1,0
1317,269,206,3954.0,1,0
1318,272,206,3957.0,1,0
1319,275,206,3960.0,1,0
1320,278,206,3963.0,1,0
1321,281,206,3966.0,1,0
1322,284,206,3969.0,1,0
1323,287,206,3972.0,1,0
1324,290,206,3975.0,1,0
1325,293,206,3978.0,1,0
1326,296,206,3981.0,1,0
1327,299,206,3984.0,1,0
1328,302,206,3987.0,1,0
1329,305,206,3990.0,1,0
1330,308,206,3993.0,1,0
1331,311,206,3996.0,1,0
1332,314,206,3999.0,1,0
1333,317,206,4002.0,1,0
1334,320,206,4005.0,1,0
1335,323,206,4008.0,1,0
1336,326,206,4011.0,1,0
1337,329,206,4014.0,1,0
1338,332,206,4017.0,1,0
1339,335,206,4020.0,1,0
1340,338,206,4023.0,1,0
1341,341,206,4026.0,1,0
1342,342,209,4029.0,1,0
1343,342,212,4032.0,1,0
1344,343,215,4035.0,1,0
1345,343,218,4038.0,1,0
1346,343,221,4041.0,1,0
1347,346,221,4044.0,1,0
1348,349,221,4047.0,1,0
1349,352,221,4050.0,1,0
1350,355,221,4053.0,1,0
1351,358,221,4056.0,1,0
1352,361,221,4059.0,1,0
1353,364,221,4062.0,1,0
1354,367,221,4065.0,1,0
1355,370,221,4068.0,1,0
1356,373,221,4071.0,1,0
1357,376,221,4074.0,1,0
1358,379,221,4077.0,1,0
1359,382,221,4080.0,1,0
1360,385,221,4083.0,1,0
1361,388,221,4086.0,1,0
1362,391,221,4089.0,1,0
1363,394,221,4092.0,1,0
1364,397,221,4095.0,1,0
1365,400,221,4098.0,1,0
1366,401,224,4101.0,1,0
1367,401,227,4104.0,1,0
1368,402,230,4107.0,1,0
1369,402,232,4110.0,1,0
1370,403,235,4113.0,1,0
1371,403,238,4116.0,1,0
1372,403,241,4119.0,1,0
1373,406,241,4122.0,1,0
1374,409,241,4125.0,1,0
1375,412,241,4128.0,1,0
1376,415,241,4131.0,1,0
1377,418,241,4134.0,1,0
1378,421,241,4137.0,1,0
1379,424,241,4140.0,1,0
1380,427,241,4143.0,1,0
1381,430,241,4146.0,1,0
1382,433,241,4149.0,1,0
1383,436,241,4152.0,1,0
1384,439,241,4155.0,1,0
1385,442,241,4158.0,1,0
1386,445,241,4161.0,1,0
1387,448,241,4164.0,1,0
1388,451,241,4167.0,1,0
1389,454,241,4170.0,1,0
1390,457,241,4173.0,1,0
1391,460,241,4176.0,1,0
1392,463,241,4179.0,1,0
1393,466,241,4182.0,1,0
1394,469,241,4185.0,1,0
1395,472,241,4188.0,1,0
1396,475,241,4191.0,1,0
1397,478,241,4194.0,1,0
1398,481,241,4197.0,1,0
1399,484,241,4200.0,1,0
1400,487,241,4203.0,1,0
1401,490,241,4206.0,1,0
1402,493,241,4209.0,1,0
1403,496,241,4212.0,1,0
1404,499,241,4215.0,1,0
1405,502,241,4218.0,1,0
1406,505,241,4221.0,1,0
1407,508,241,4224.0,1,0
1408,511,241,4227.0,1,0
1409,514,241,4230.0,1,0
1410,517,241,4233.0,1,0
1411,520,241,4236.0,1,0
1412,523,241,4239.0,1,0
1413,526,241,4242.0,1,0
1414,529,241,4245.0,1,0
1415,532,241,4248.0,1,0
1416,535,241,4251.0,1,0
1417,538,241,4254.0,1,0
1418,541,241,4257.0,1,0
1419,544,241,4260.0,1,0
1420,547,241,4263.0,1,0
1421,550,241,4266.0,1,0
1422,553,241,4269.0,1,0
1423,556,241,4272.0,1,0
1424,559,241,4275.0,1,0
1425,562,241,4278.0,1,0
1426,565,241,4281.0,1,0
1427,568,241,4284.0,1,0
1428,571,241,4287.0,1,0
1429,574,241,4290.0,1,0
1430,577,241,4293.0,1,0
1431,580,241,4296.0,1,0
1432,583,241,4299.0,1,0
1433,586,241,4302.0,1,0
1434,589,241,4305.0,1,0
1435,592,241,4308.0,1,0
1436,595,241,4311.0,1,0
1437,598,241,4314.0,1,0
1438,601,241,4317.0,1,0
1439,604,241,4320.0,1,0
1440,607,241,4323.0,1,0
1441,610,241,4326.0,1,0
1442,613,241,4329.0,1,0
1443,616,241,4332.0,1,0
1444,619,241,4335.0,1,0
1445,622,241,4338.0,1,0
1446,625,241,4341.0,1,0
1447,628,241,4344.0,1,0
1448,631,241,4347.0,1,0
1449,634,241,4350.0,1,0
1450,637,241,4353.0,1,0
1451,640,241,4356.0,1,0
1452,643,241,4359.0,1,0
1453,646,241,4362.0,1,0
1454,649,241,4365.0,1,0
1455,652,241,4368.0,1,0
1456,655,241,4371.0,1,0
1457,658,241,4374.0,1,0
1458,661,241,4377.0,1,0
1459,664,241,4380.0,1,0
1460,667,241,4383.0,1,0
1461,670,241,4386.0,1,0
1462,673,241,4389.0,1,0
1463,676,241,4392.0,1,0
1464,679,241,4395.0,1,0
1465,682,241,4398.0,1,0
1466,685,241,4401.0,1,0
1467,688,241,4404.0,1,0
1468,691,241,4407.0,1,0
1469,694,241,4410.0,1,0
1470,697,241,4413.0,1,0
1471,700,241,4416.0,1,0
1472,703,241,4419.0,1,0
1473,706,241,4422.0,1,0
1474,709,241,4425.0,1,0
1475,712,241,4428.0,1,0
1476,715,241,4431.0,1,0
1477,718,241,4434.0,1,0
1478,721,241,4437.0,1,0
1479,724,241,4440.0,1,0
1480,727,241,4443.0,1,0
1481,730,241,4446.0,1,0
1482,733,241,4449.0,1,0
1483,736,241,4452.0,1,0
1484,739,241,4455.0,1,0
1485,742,241,4458.0,1,0
1486,745,241,4461.0,1,0
1487,748,241,4464.0,1,0
1488,751,241,4467.0,1,0
1489,754,241,4470.0,1,0
1490,757,241,4473.0,1,0
1491,760,241,4476.0,1,0
1492,763,241,4479.0,1,0
1493,766,241,4482.0,1,0
1494,769,241,4485.0,1,0
1495,772,241,4488.0,1,0
1496,775,241,4491.0,1,0
1497,778,241,4494.0,1,0
1498,781,241,4497.0,1,0
1499,784,241,4500.0,1,0
1500,787,241,4503.0,1,0
1501,790,241,4506.0,1,0
1502,793,241,4509.0,1,0
1503,796,241,4512.0,1,0
1504,799,241,4515.0,1,0
1505,802,241,4518.0,1,0
1506,805,241,4521.0,1,0
1507,808,241,4524.0,1,0
1508,811,241,4527.0,1,0
1509,814,241,4530.0,1,0
1510,817,241,4533.0,1,0
1511,820,241,4536.0,1,0
1512,823,241,4539.0,1,0
1513,826,241,4542.0,1,0
1514,829,241,4545.0,1,0
1515,832,241,4548.0,1,0
1516,835,241,4551.0,1,0
1517,838,241,4554.0,1,0
1518,841,241,4557.0,1,0
1519,844,241,4560.0,1,0
1520,847,241,4563.0,1,0
1521,850,241,4566.0,1,0
1522,853,241,4569.0,1,0
1523,856,241,4572.0,1,0
1524,859,241,4575.0,1,0
1525,862,241,4578.0,1,0
1526,865,241,4581.0,1,0
1527,868,241,4584.0,1,0
1528,871,241,4587.0,1,0
1529,874,241,4590.0,1,0
1530,877,241,4593.0,1,0
1531,880,241,4596.0,1,0
1532,883,241,4599.0,1,0
1533,886,241,4602.0,1,0
1534,889,241,4605.0,1,0
1535,892,241,4608.0,1,0
1536,895,241,4611.0,1,0
1537,898,241,4614.0,1,0
1538,901,241,4617.0,1,0
1539,904,241,4620.0,1,0
1540,907,241,4623.0,1,0
1541,910,241,4626.0,1,0
1542,913,241,4629.0,1,0
1543,916,241,4632.0,1,0
1544,919,241,4635.0,1,0
1545,922,241,4638.0,1,0
1546,925,241,4641.0,1,0
1547,928,241,4644.0,1,0
1548,931,241,4647.0,1,0
1549,934,241,4650.0,1,0
1550,937,241,4653.0,1,0
1551,940,241,4656.0,1,0
1552,943,241,4659.0,1,0
1553,946,241,4662.0,1,0
1554,949,241,4665.0,1,0
1555,952,241,4668.0,1,0
1556,955,241,4671.0,1,0
1557,958,241,4674.0,1,0
1558,961,241,4677.0,1,0
1559,964,241,4680.0,1,0
1560,967,241,4683.0,1,0
1561,970,241,4686.0,1,0
1562,973,241,4689.0,1,0
1563,973,244,4692.0,1,0
1564,973,247,4695.0,1,0
1565,973,250,4698.0,1,0
1566,973,253,4701.0,1,0
1567,973,256,4704.0,1,0
1568,973,259,4707.0,1,0
1569,973,262,4710.0,1,0
1570,973,265,4713.0,1,0
1571,970,265,4716.0,1,0
1572,967,265,4719.0,1,0
1573,964,265,4722.0,1,0
1574,961,265,4725.0,1,0
1575,958,265,4728.0,1,0
1576,955,265,4731.0,1,0
1577,952,265,4734.0,1,0
1578,949,265,4737.0,1,0
1579,946,265,4740.0,1,0
1580,943,265,4743.0,1,0
1581,940,265,4746.0,1,0
1582,937,265,4749.0,1,0
1583,934,265,4752.0,1,0
1584,931,265,4755.0,1,0
1585,928,265,4758.0,1,0
1586,925,265,4761.0,1,0
1587,922,265,4764.0,1,0
1588,919,265,4767.0,1,0
1589,916,265,4770.0,1,0
1590,913,265,4773.0,1,0
1591,910,265,4776.0,1,0
1592,907,265,4779.0,1,0
1593,904,265,4782.0,1,0
1594,901,265,4785.0,1,0
1595,898,265,4788.0,1,0
1596,895,265,4791.0,1,0
1597,892,265,4794.0,1,0
1598,889,265,4797.0,1,0
1599,886,265,4800.0,1,0
1600,883,265,4803.0,1,0
1601,880,265,4806.0,1,0
1602,877,265,4809.0,1,0
1603,874,265,4812.0,1,0
1604,871,265,4815.0,1,0
1605,868,265,4818.0,1,0
1606,865,265,4821.0,1,0
1607,862,265,4824.0,1,0
1608,859,265,4827.0,1,0
1609,856,265,4830.0,1,0
1610,853,265,4833.0,1,0
1611,850,265,4836.0,1,0
1612,847,265,4839.0,1,0
1613,844,265,4842.0,1,0
1614,841,265,4845.0,1,0
1615,838,265,4848.0,1,0
1616,835,265,4851.0,1,0
1617,832,265,4854.0,1,0
1618,829,265,4857.0,1,0
1619,826,265,4860.0,1,0
1620,823,265,4863.0,1,0
1621,820,265,4866.0,1,0
1622,817,265,4869.0,1,0
1623,814,265,4872.0,1,0
1624,811,265,4875.0,1,0
1625,808,265,4878.0,1,0
1626,805,265,4881.0,1,0
1627,802,265,4884.0,1,0
1628,799,265,4887.0,1,0
1629,796,265,4890.0,1,0
1630,793,265,4893.0,1,0
1631,790,265,4896.0,1,0
1632,787,265,4899.0,1,0
1633,784,265,4902.0,1,0
1634,781,265,4905.0,1,0
1635,778,265,4908.0,1,0
1636,775,265,4911.0,1,0
1637,772,265,4914.0,1,0
1638,769,265,4917.0,1,0
1639,766,265,4920.0,1,0
1640,763,265,4923.0,1,0
1641,760,265,4926.0,1,0
1642,757,265,4929.0,1,0
1643,754,265,4932.0,1,0
1644,751,265,4935.0,1,0
1645,748,265,4938.0,1,0
1646,745,265,4941.0,1,0
1647,742,265,4944.0,1,0
1648,739,265,4947.0,1,0
1649,736,265,4950.0,1,0
1650,733,265,4953.0,1,0
1651,730,265,4956.0,1,0
1652,727,265,4959.0,1,0
1653,724,265,4962.0,1,0
1654,721,265,4965.0,1,0
1655,718,265,4968.0,1,0
1656,715,265,4971.0,1,0
1657,712,265,4974.0,1,0
1658,709,265,4977.0,1,0
1659,706,265,4980.0,1,0
1660,703,265,4983.0,1,0
1661,700,265,4986.0,1,0
1662,697,265,4989.0,1,0
1663,694,265,4992.0,1,0
1664,691,265,4995.0,1,0
1665,688,265,4998.0,1,0
1666,685,265,5001.0,1,0
1667,682,265,5004.0,1,0
1668,679,265,5007.0,1,0
1669,676,265,5010.0,1,0
1670,673,265,5013.0,1,0
1671,670,265,5016.0,1,0
1672,667,265,5019.0,1,0
1673,664,265,5022.0,1,0
1674,661,265,5025.0,1,0
1675,658,265,5028.0,1,0
1676,655,265,5031.0,1,0
1677,652,265,5034.0,1,0
1678,649,265,5037.0,1,0
1679,646,265,5040.0,1,0
1680,643,265,5043.0,1,0
1681,640,265,5046.0,1,0
1682,637,265,5049.0,1,0
1683,634,265,5052.0,1,0
1684,631,265,5055.0,1,0
1685,628,265,5058.0,1,0
1686,625,265,5061.0,1,0
1687,622,265,5064.0,1,0
1688,619,265,5067.0,1,0
1689,616,265,5070.0,1,0
1690,613,265,5073.0,1,0
1691,610,265,5076.0,1,0
1692,607,265,5079.0,1,0
1693,604,265,5082.0,1,0
1694,601,265,5085.0,1,0
1695,598,265,5088.0,1,0
1696,595,265,5091.0,1,0
1697,592,265,5094.0,1,0
1698,589,265,5097.0,1,0
1699,586,265,5100.0,1,0
1700,583,265,5103.0,1,0
1701,580,265,5106.0,1,0
1702,577,265,5109.0,1,0
1703,574,265,5112.0,1,0
1704,571,265,5115.0,1,0
1705,568,265,5118.0,1,0
1706,565,265,5121.0,1,0
1707,562,265,5124.0,1,0
1708,559,265,5127.0,1,0
1709,556,265,5130.0,1,0
1710,553,265,5133.0,1,0
1711,550,265,5136.0,1,0
1712,547,265,5139.0,1,0
1713,544,265,5142.0,1,0
1714,541,265,5145.0,1,0
1715,538,265,5148.0,1,0
1716,535,265,5151.0,1,0
1717,532,265,5154.0,1,0
1718,529,265,5157.0,1,0
1719,526,265,5160.0,1,0
1720,523,265,5163.0,1,0
1721,520,265,5166.0,1,0
1722,517,265,5169.0,1,0
1723,514,265,5172.0,1,0
1724,511,265,5175.0,1,0
1725,508,265,5178.0,1,0
1726,505,265,5181.0,1,0
1727,502,265,5184.0,1,0
1728,499,265,5187.0,1,0
1729,496,265,5190.0,1,0
1730,493,265,5193.0,1,0
1731,490,265,5196.0,1,0
1732,487,265,5199.0,1,0
1733,484,265,5202.0,1,0
1734,481,265,5205.0,1,0
1735,478,265,5208.0,1,0
1736,475,265,5211.0,1,0
1737,472,265,5214.0,1,0
1738,469,265,5217.0,1,0
1739,466,265,5220.0,1,0
1740,463,265,5223.0,1,0
1741,460,265,5226.0,1,0
1742,457,265,5229.0,1,0
1743,454,265,5232.0,1,0
1744,451,265,5235.0,1,0
1745,448,265,5238.0,1,0
1746,445,265,5241.0,1,0
1747,442,265,5244.0,1,0
1748,439,265,5247.0,1,0
1749,436,265,5250.0,1,0
1750,433,265,5253.0,1,0
1751,430,265,5256.0,1,0
1752,427,265,5259.0,1,0
1753,424,265,5262.0,1,0
1754,421,265,5265.0,1,0
1755,418,265,5268.0,1,0
1756,415,265,5271.0,1,0
1757,412,265,5274.0,1,0
1758,409,265,5277.0,1,0
1759,406,265,5280.0,1,0
1760,403,265,5283.0,1,0
1761,400,265,5286.0,1,0
1762,397,265,5289.0,1,0
1763,394,265,5292.0,1,0
1764,391,265,5295.0,1,0
1765,388,265,5298.0,1,0
1766,385,265,5301.0,1,0
1767,382,265,5304.0,1,0
1768,379,265,5307.0,1,0
1769,376,265,5310.0,1,0
1770,373,265,5313.0,1,0
1771,370,265,5316.0,1,0
1772,367,265,5319.0,1,0
1773,364,265,5322.0,1,0
1774,361,265,5325.0,1,0
1775,358,265,5328.0,1,0
1776,355,265,5331.0,1,0
1777,352,265,5334.0,1,0
1778,349,265,5337.0,1,0
1779,346,265,5340.0,1,0
1780,343,265,5343.0,1,0
1781,340,265,5346.0,1,0
1782,337,265,5349.0,1,0
1783,334,265,5352.0,1,0
1784,331,265,5355.0,1,0
1785,328,265,5358.0,1,0
1786,325,265,5361.0,1,0
1787,322,265,5364.0,1,0
1788,319,265,5367.0,1,0
1789,316,265,5370.0,1,0
1790,313,265,5373.0,1,0
1791,310,265,5376.0,1,0
1792,307,265,5379.0,1,0
1793,304,265,5382.0,1,0
1794,301,265,5385.0,1,0
1795,298,265,5388.0,1,0
1796,295,265,5391.0,1,0
1797,292,265,5394.0,1,0
1798,289,265,5397.0,1,0
1799,286,265,5400.0,1,0
1800,283,265,5403.0,1,0
1801,280,265,5406.0,1,0
1802,277,265,5409.0,1,0
1803,274,265,5412.0,1,0
1804,271,265,5415.0,1,0
1805,268,265,5418.0,1,0
1806,265,265,5421.0,1,0
1807,262,265,5424.0,1,0
1808,259,265,5427.0,1,0
1809,256,265,5430.0,1,0
1810,253,265,5433.0,1,0
1811,250,265,5436.0,1,0
1812,247,265,5439.0,1,0
1813,244,265,5442.0,1,0
1814,241,265,5445.0,1,0
1815,238,265,5448.0,1,0
1816,235,265,5451.0,1,0
1817,232,265,5454.0,1,0
1818,229,265,5457.0,1,0
1819,226,265,5460.0,1,0
1820,223,265,5463.0,1,0
1821,220,265,5466.0,1,0
1822,217,265,5469.0,1,0
1823,214,265,5472.0,1,0
1824,211,265,5475.0,1,0
1825,208,265,5478.0,1,0
1826,205,265,5481.0,1,0
1827,202,265,5484.0,1,0
1828,199,265,5487.0,1,0
1829,196,265,5490.0,1,0
1830,193,265,5493.0,1,0
1831,190,265,5496.0,1,0
1832,187,265,5499.0,1,0
1833,184,265,5502.0,1,0
1834,181,265,5505.0,1,0
1835,178,265,5508.0,1,0
1836,175,265,5511.0,1,0
1837,172,265,5514.0,1,0
1838,169,265,5517.0,1,0
1839,166,265,5520.0,1,0
1840,163,265,5523.0,1,0
1841,160,265,5526.0,1,0
1842,157,265,5529.0,1,0
1843,154,265,5532.0,1,0
1844,151,265,5535.0,1,0
1845,148,265,5538.0,1,0
1846,145,265,5541.0,1,0
1847,142,265,5544.0,1,0
1848,139,265,5547.0,1,0
1849,136,265,5550.0,1,0
1850,133,265,5553.0,1,0
1851,130,265,5556.0,1,0
1852,127,265,5559.0,1,0
1853,124,265,5562.0,1,0
1854,121,265,5565.0,1,0
1855,118,265,5568.0,1,0
1856,115,265,5571.0,1,0
1857,112,265,5574.0,1,0
1858,109,265,5577.0,1,0
1859,106,265,5580.0,1,0
1860,103,265,5583.0,1,0
1861,100,265,5586.0,1,0
1862,97,265,5589.0,1,0
1863,94,265,5592.0,1,0
1864,91,265,5595.0,1,0
1865,88,265,5598.0,1,0
1866,85,265,5601.0,1,0
1867,82,265,5604.0,1,0
1868,79,265,5607.0,1,0
1869,76,265,5610.0,1,0
1870,73,265,5613.0,1,0
1871,70,265,5616.0,1,0
1872,67,265,5619.0,1,0
1873,64,265,5622.0,1,0
1874,61,265,5625.0,1,0
1875,58,265,5628.0,1,0
1876,55,265,5631.0,1,0
1877,52,265,5634.0,1,0
1878,49,265,5637.0,1,0
1879,46,265,5640.0,1,0
1880,43,265,5643.0,1,0
1881,40,265,5646.0,1,0
1882,37,265,5649.0,1,0
1883,34,265,5652.0,1,0
1884,31,265,5655.0,1,0
1885,28,265,5658.0,1,0
1886,25,265,5661.0,1,0
1887,25,268,5664.0,1,0
1888,25,271,5667.0,1,0
1889,25,274,5670.0,1,0
1890,25,277,5673.0,1,0
1891,25,280,5676.0,1,0
1892,25,283,5679.0,1,0
1893,25,286,5682.0,1,0
1894,25,289,5685.0,1,0
1895,28,289,5688.0,1,0
1896,31,289,5691.0,1,0
1897,34,289,5694.0,1,0
1898,37,289,5697.0,1,0
1899,40,289,5700.0,1,0
1900,43,289,5703.0,1,0
1901,46,289,5706.0,1,0
1902,49,289,5709.0,1,0
1903,52,289,5712.0,1,0
1904,55,289,5715.0,1,0
1905,58,289,5718.0,1,0
1906,61,289,5721.0,1,0
1907,64,289,5724.0,1,0
1908,67,289,5727.0,1,0
1909,70,289,5730.0,1,0
1910,73,289,5733.0,1,0
1911,76,289,5736.0,1,0
1912,79,289,5739.0,1,0
1913,82,289,5742.0,1,0
1914,85,289,5745.0,1,0
1915,88,289,5748.0,1,0
1916,91,289,5751.0,1,0
1917,94,289,5754.0,1,0
1918,97,289,5757.0,1,0
1919,100,289,5760.0,1,0
1920,103,289,5763.0,1,0
1921,106,289,5766.0,1,0
1922,109,289,5769.0,1,0
1923,112,289,5772.0,1,0
1924,115,289,5775.0,1,0
1925,118,289,5778.0,1,0
1926,121,289,5781.0,1,0
1927,124,289,5784.0,1,0
1928,127,289,5787.0,1,0
1929,130,289,5790.0,1,0
1930,133,289,5793.0,1,0
1931,136,289,5796.0,1,0
1932,139,289,5799.0,1,0
1933,142,289,5802.0,1,0
1934,145,289,5805.0,1,0
1935,148,289,5808.0,1,0
1936,151,289,5811.0,1,0
1937,154,289,5814.0,1,0
1938,157,289,5817.0,1,0
1939,160,289,5820.0,1,0
1940,163,289,5823.0,1,0
1941,166,289,5826.0,1,0
1942,169,289,5829.0,1,0
1943,172,289,5832.0,1,0
1944,175,289,5835.0,1,0
1945,178,289,5838.0,1,0
1946,181,289,5841.0,1,0
1947,184,289,5844.0,1,0
1948,187,289,5847.0,1,0
1949,190,289,5850.0,1,0
1950,193,289,5853.0,1,0
1951,196,289,5856.0,1,0
1952,199,289,5859.0,1,0
1953,202,289,5862.0,1,0
1954,205,289,5865.0,1,0
1955,208,289,5868.0,1,0
1956,211,289,5871.0,1,0
1957,214,289,5874.0,1,0
1958,217,289,5877.0,1,0
1959,220,289,5880.0,1,0
1960,223,289,5883.0,1,0
1961,226,289,5886.0,1,0
1962,229,289,5889.0,1,0
1963,232,289,5892.0,1,0
1964,235,289,5895.0,1,0
1965,238,289,5898.0,1,0
1966,241,289,5901.0,1,0
1967,244,289,5904.0,1,0
1968,247,289,5907.0,1,0
1969,250,289,5910.0,1,0
1970,253,289,5913.0,1,0
1971,256,289,5916.0,1,0
1972,259,289,5919.0,1,0
1973,262,289,5922.0,1,0
1974,265,289,5925.0,1,0
1975,268,289,5928.0,1,0
1976,271,289,5931.0,1,0
1977,274,289,5934.0,1,0
1978,277,289,5937.0,1,0
1979,280,289,5940.0,1,0
1980,283,289,5943.0,1,0
1981,286,289,5946.0,1,0
1982,289,289,5949.0,1,0
1983,292,289,5952.0,1,0
1984,295,289,5955.0,1,0
1985,298,289,5958.0,1,0
1986,301,289,5961.0,1,0
1987,304,289,5964.0,1,0
1988,307,289,5967.0,1,0
1989,310,289,5970.0,1,0
1990,313,289,5973.0,1,0
1991,316,289,5976.0,1,0
1992,319,289,5979.0,1,0
1993,322,289,5982.0,1,0
1994,325,289,5985.0,1,0
1995,328,289,5988.0,1,0
1996,331,289,5991.0,1,0
1997,334,289,5994.0,1,0
1998,337,289,5997.0,1,0
1999,340,289,6000.0,1,0
2000,343,289,6003.0,1,0
2001,346,289,6006.0,1,0
2002,349,289,6009.0,1,0
2003,352,289,6012.0,1,0
2004,355,289,6015.0,1,0
2005,358,289,6018.0,1,0
2006,361,289,6021.0,1,0
2007,364,289,6024.0,1,0
2008,367,289,6027.0,1,0
2009,370,289,6030.0,1,0
2010,373,289,6033.0,1,0
2011,376,289,6036.0,1,0
2012,379,289,6039.0,1,0
2013,382,289,6042.0,1,0
2014,385,289,6045.0,1,0
2015,388,289,6048.0,1,0
2016,391,289,6051.0,1,0
2017,394,289,6054.0,1,0
2018,397,289,6057.0,1,0
2019,400,289,6060.0,1,0
2020,403,289,6063.0,1,0
2021,406,289,6066.0,1,0
2022,409,289,6069.0,1,0
2023,412,289,6072.0,1,0
2024,415,289,6075.0,1,0
2025,418,289,6078.0,1,0
2026,421,289,6081.0,1,0
2027,424,289,6084.0,1,0
2028,427,289,6087.0,1,0
2029,430,289,6090.0,1,0
2030,433,289,6093.0,1,0
2031,436,289,6096.0,1,0
2032,439,289,6099.0,1,0
2033,442,289,6102.0,1,0
2034,445,289,6105.0,1,0
2035,448,289,6108.0,1,0
2036,451,289,6111.0,1,0
2037,454,289,6114.0,1,0
2038,457,289,6117.0,1,0
2039,460,289,6120.0,1,0
2040,463,289,6123.0,1,0
2041,466,289,6126.0,1,0
2042,469,289,6129.0,1,0
2043,472,289,6132.0,1,0
2044,475,289,6135.0,1,0
2045,478,289,6138.0,1,0
2046,481,289,6141.0,1,0
2047,484,289,6144.0,1,0
2048,487,289,6147.0,1,0
2049,490,289,6150.0,1,0
2050,493,289,6153.0,1,0
2051,496,289,6156.0,1,0
2052,499,289,6159.0,1,0
2053,502,289,6162.0,1,0
2054,505,289,6165.0,1,0
2055,508,289,6168.0,1,0
2056,511,289,6171.0,1,0
2057,514,289,6174.0,1,0
2058,517,289,6177.0,1,0
2059,520,289,6180.0,1,0
2060,523,289,6183.0,1,0
2061,526,289,6186.0,1,0
2062,529,289,6189.0,1,0
2063,532,289,6192.0,1,0
2064,535,289,6195.0,1,0
2065,538,289,6198.0,1,0
2066,541,289,6201.0,1,0
2067,544,289,6204.0,1,0
2068,547,289,6207.0,1,0
2069,550,289,6210.0,1,0
2070,553,289,6213.0,1,0
2071,556,289,6216.0,1,0
2072,559,289,6219.0,1,0
2073,562,289,6222.0,1,0
2074,565,289,6225.0,1,0
2075,568,289,6228.0,1,0
2076,571,289,6231.0,1,0
2077,574,289,6234.0,1,0
2078,577,289,6237.0,1,0
2079,580,289,6240.0,1,0
2080,583,289,6243.0,1,0
2081,586,289,6246.0,1,0
2082,589,289,6249.0,1,0
2083,592,289,6252.0,1,0
2084,595,289,6255.0,1,0
2085,598,289,6258.0,1,0
2086,601,289,6261.0,1,0
2087,604,289,6264.0,1,0
2088,607,289,6267.0,1,0
2089,610,289,6270.0,1,0
2090,613,289,6273.0,1,0
2091,616,289,6276.0,1,0
2092,619,289,6279.0,1,0
2093,622,289,6282.0,1,0
2094,625,289,6285.0,1,0
2095,628,289,6288.0,1,0
2096,631,289,6291.0,1,0
2097,634,289,6294.0,1,0
2098,637,289,6297.0,1,0
2099,640,289,6300.0,1,0
2100,643,289,6303.0,1,0
2101,646,289,6306.0,1,0
2102,649,289,6309.0,1,0
2103,652,289,6312.0,1,0
2104,655,289,6315.0,1,0
2105,658,289,6318.0,1,0
2106,661,289,6321.0,1,0
2107,664,289,6324.0,1,0
2108,667,289,6327.0,1,0
2109,670,289,6330.0,1,0
2110,673,289,6333.0,1,0
2111,676,289,6336.0,1,0
2112,679,289,6339.0,1,0
2113,682,289,6342.0,1,0
2114,685,289,6345.0,1,0
2115,688,289,6348.0,1,0
2116,691,289,6351.0,1,0
2117,694,289,6354.0,1,0
2118,697,289,6357.0,1,0
2119,700,289,6360.0,1,0
2120,703,289,6363.0,1,0
2121,706,289,6366.0,1,0
2122,709,289,6369.0,1,0
2123,712,289,6372.0,1,0
2124,715,289,6375.0,1,0
2125,718,289,6378.0,1,0
2126,721,289,6381.0,1,0
2127,724,289,6384.0,1,0
2128,727,289,6387.0,1,0
2129,730,289,6390.0,1,0
2130,733,289,6393.0,1,0
2131,736,289,6396.0,1,0
2132,739,289,6399.0,1,0
2133,742,289,6402.0,1,0
2134,745,289,6405.0,1,0
2135,748,289,6408.0,1,0
2136,751,289,6411.0,1,0
2137,754,289,6414.0,1,0
2138,757,289,6417.0,1,0
2139,760,289,6420.0,1,0
2140,763,289,6423.0,1,0
2141,766,289,6426.0,1,0
2142,769,289,6429.0,1,0
2143,772,289,6432.0,1,0
2144,775,289,6435.0,1,0
2145,778,289,6438.0,1,0
2146,781,289,6441.0,1,0
2147,784,289,6444.0,1,0
2148,787,289,6447.0,1,0
2149,790,289,6450.0,1,0
2150,793,289,6453.0,1,0
2151,796,289,6456.0,1,0
2152,799,289,6459.0,1,0
2153,802,289,6462.0,1,0
2154,805,289,6465.0,1,0
2155,808,289,6468.0,1,0
2156,811,289,6471.0,1,0
2157,814,289,6474.0,1,0
2158,817,289,6477.0,1,0
2159,820,289,6480.0,1,0
2160,823,289,6483.0,1,0
2161,826,289,6486.0,1,0
2162,829,289,6489.0,1,0
2163,832,289,6492.0,1,0
2164,835,289,6495.0,1,0
2165,838,289,6498.0,1,0
2166,841,289,6501.0,1,0
2167,844,289,6504.0,1,0
2168,847,289,6507.0,1,0
2169,850,289,6510.0,1,0
2170,853,289,6513.0,1,0
2171,856,289,6516.0,1,0
2172,859,289,6519.0,1,0
2173,862,289,6522.0,1,0
2174,865,289,6525.0,1,0
2175,868,289,6528.0,1,0
2176,871,289,6531.0,1,0
2177,874,289,6534.0,1,0
2178,877,289,6537.0,1,0
2179,880,289,6540.0,1,0
2180,883,289,6543.0,1,0
2181,886,289,6546.0,1,0
2182,889,289,6549.0,1,0
2183,892,289,6552.0,1,0
2184,895,289,6555.0,1,0
2185,898,289,6558.0,1,0
2186,901,289,6561.0,1,0
2187,902,292,6564.0,1,0
2188,902,295,6567.0,1,0
2189,903,298,6570.0,1,0
2190,903,301,6573.0,1,0
2191,906,301,6576.0,1,0
2192,909,301,6579.0,1,0
2193,912,301,6582.0,1,0
2194,915,301,6585.0,1,0
2195,918,301,6588.0,1,0
2196,921,301,6591.0,1,0
2197,924,301,6594.0,1,0
2198,927,301,6597.0,1,0
2199,930,301,6600.0,1,0
2200,933,301,6603.0,1,0
2201,936,301,6606.0,1,0
2202,939,301,6609.0,1,0
2203,942,301,6612.0,1,0
2204,945,301,6615.0,1,0
2205,948,301,6618.0,1,0
2206,951,301,6621.0,1,0
2207,954,301,6624.0,1,0
2208,957,301,6627.0,1,0
2209,960,301,6630.0,1,0
2210,963,301,6633.0,1,0
2211,966,301,6636.0,1,0
2212,969,301,6639.0,1,0
2213,972,301,6642.0,1,0
2214,975,301,6645.0,1,0
2215,975,304,6648.0,1,0
2216,975,307,6651.0,1,0
2217,975,310,6654.0,1,0
2218,975,313,6657.0,1,0
2219,975,316,6660.0,1,0
2220,975,319,6663.0,1,0
2221,975,322,6666.0,1,0
2222,975,325,6669.0,1,0
2223,972,325,6672.0,1,0
2224,969,325,6675.0,1,0
2225,966,325,6678.0,1,0
2226,963,325,6681.0,1,0
2227,960,325,6684.0,1,0
2228,957,325,6687.0,1,0
2229,954,325,6690.0,1,0
2230,951,325,6693.0,1,0
2231,948,325,6696.0,1,0
2232,945,325,6699.0,1,0
2233,942,325,6702.0,1,0
2234,939,325,6705.0,1,0
2235,936,325,6708.0,1,0
2236,933,325,6711.0,1,0
2237,930,325,6714.0,1,0
2238,927,325,6717.0,1,0
2239,924,325,6720.0,1,0
2240,921,325,6723.0,1,0
2241,918,325,6726.0,1,0
2242,915,325,6729.0,1,0
2243,912,325,6732.0,1,0
2244,909,325,6735.0,1,0
2245,906,325,6738.0,1,0
2246,903,325,6741.0,1,0
2247,900,325,6744.0,1,0
2248,897,325,6747.0,1,0
2249,894,325,6750.0,1,0
2250,891,325,6753.0,1,0
2251,888,325,6756.0,1,0
2252,885,325,6759.0,1,0
2253,882,325,6762.0,1,0
2254,879,325,6765.0,1,0
2255,876,325,6768.0,1,0
2256,873,325,6771.0,1,0
2257,870,325,6774.0,1,0
2258,867,325,6777.0,1,0
2259,864,325,6780.0,1,0
2260,861,325,6783.0,1,0
2261,858,325,6786.0,1,0
2262,855,325,6789.0,1,0
2263,852,325,6792.0,1,0
2264,849,325,6795.0,1,0
2265,846,325,6798.0,1,0
2266,843,325,6801.0,1,0
2267,840,325,6804.0,1,0
2268,837,325,6807.0,1,0
2269,834,325,6810.0,1,0
2270,831,325,6813.0,1,0
2271,828,325,6816.0,1,0
2272,825,325,6819.0,1,0
2273,822,325,6822.0,1,0
2274,819,325,6825.0,1,0
2275,816,325,6828.0,1,0
2276,813,325,6831.0,1,0
2277,810,325,6834.0,1,0
2278,807,325,6837.0,1,0
2279,804,325,6840.0,1,0
2280,801,325,6843.0,1,0
2281,798,325,6846.0,1,0
2282,795,325,6849.0,1,0
2283,792,325,6852.0,1,0
2284,789,325,6855.0,1,0
2285,786,325,6858.0,1,0
2286,783,325,6861.0,1,0
2287,780,325,6864.0,1,0
2288,777,325,6867.0,1,0
2289,774,325,6870.0,1,0
2290,771,325,6873.0,1,0
2291,768,325,6876.0,1,0
2292,765,325,6879.0,1,0
2293,762,325,6882.0,1,0
2294,759,325,6885.0,1,0
2295,756,325,6888.0,1,0
2296,753,325,6891.0,1,0
2297,750,325,6894.0,1,0
2298,747,325,6897.0,1,0
2299,744,325,6900.0,1,0
2300,741,325,6903.0,1,0
2301,738,325,6906.0,1,0
2302,735,325,6909.0,1,0
2303,732,325,6912.0,1,0
2304,729,325,6915.0,1,0
2305,726,325,6918.0,1,0
2306,723,325,6921.0,1,0
2307,720,325,6924.0,1,0
2308,717,325,6927.0,1,0
2309,714,325,6930.0,1,0
2310,711,325,6933.0,1,0
2311,708,325,6936.0,1,0
2312,705,325,6939.0,1,0
2313,702,325,6942.0,1,0
2314,699,325,6945.0,1,0
2315,696,325,6948.0,1,0
2316,693,325,6951.0,1,0
2317,690,325,6954.0,1,0
2318,687,325,6957.0,1,0
2319,684,325,6960.0,1,0
2320,681,325,6963.0,1,0
2321,678,325,6966.0,1,0
2322,675,325,6969.0,1,0
2323,672,325,6972.0,1,0
2324,669,325,6975.0,1,0
2325,666,325,6978.0,1,0
2326,663,325,6981.0,1,0
2327,660,325,6984.0,1,0
2328,657,325,6987.0,1,0
2329,654,325,6990.0,1,0
2330,651,325,6993.0,1,0
2331,648,325,6996.0,1,0
2332,645,325,6999.0,1,0
2333,642,325,7002.0,1,0
2334,639,325,7005.0,1,0
2335,636,325,7008.0,1,0
2336,633,325,7011.0,1,0
2337,630,325,7014.0,1,0
2338,627,325,7017.0,2,0
2339,624,325,7020.0,2,0
2340,621,325,7023.0,2,0
2341,618,325,7026.0,2,0
2342,618,328,7029.0,2,0
2343,617,331,7032.0,2,0
2344,617,334,7035.0,2,0
2345,616,337,7038.0,2,0
2346,616,340,7041.0,2,0
2347,613,340,7044.0,2,0
2348,610,340,7047.0,2,0
2349,607,340,7050.0,2,0
2350,604,340,7053.0,2,0
2351,601,340,7056.0,2,0
2352,598,340,7059.0,2,0
2353,595,340,7062.0,2,0
2354,592,340,7065.0,2,0
2355,589,340,7068.0,2,0
2356,586,340,7071.0,2,0
2357,583,340,7074.0,2,0
2358,580,340,7077.0,2,0
2359,577,340,7080.0,2,0
2360,574,340,7083.0,2,0
2361,571,340,7086.0,2,0
2362,568,340,7089.0,2,0
2363,565,340,7092.0,2,0
2364,562,340,7095.0,2,0
2365,559,340,7098.0,2,0
2366,556,340,7101.0,2,0
2367,553,340,7104.0,2,0
2368,550,340,7107.0,2,0
2369,547,340,7110.0,2,0
2370,544,340,7113.0,2,0
2371,541,340,7116.0,2,0
2372,538,340,7119.0,2,0
2373,535,340,7122.0,2,0
2374,532,340,7125.0,2,0
2375,529,340,7128.0,2,0
2376,526,340,7131.0,2,0
2377,523,340,7134.0,2,0
2378,520,340,7137.0,2,0
2379,517,340,7140.0,2,0
2380,514,340,7143.0,2,0
2381,511,340,7146.0,2,0
2382,508,340,7149.0,2,0
2383,505,340,7152.0,2,0
2384,502,340,7155.0,2,0
2385,499,340,7158.0,2,0
2386,496,340,7161.0,2,0
2387,493,340,7164.0,2,0
2388,490,340,7167.0,2,0
2389,487,340,7170.0,2,0
2390,484,340,7173.0,2,0
2391,481,340,7176.0,2,0
2392,478,340,7179.0,2,0
2393,475,340,7182.0,2,0
2394,472,340,7185.0,2,0
2395,469,340,7188.0,2,0
2396,466,340,7191.0,2,0
2397,463,340,7194.0,2,0
2398,460,340,7197.0,2,0
2399,457,340,7200.0,2,0
2400,454,340,7203.0,2,0
2401,451,340,7206.0,2,0
2402,448,340,7209.0,2,0
2403,445,340,7212.0,2,0
2404,442,340,7215.0,2,0
2405,439,340,7218.0,2,0
2406,436,340,7221.0,2,0
2407,433,340,7224.0,2,0
2408,430,340,7227.0,2,0
2409,427,340,7230.0,2,0
2410,424,340,7233.0,2,0
2411,421,340,7236.0,2,0
2412,418,340,7239.0,2,0
2413,415,340,7242.0,2,0
2414,412,340,7245.0,2,0
2415,409,340,7248.0,2,0
2416,406,340,7251.0,2,0
2417,403,340,7254.0,2,0
2418,400,340,7257.0,2,0
2419,397,340,7260.0,2,0
2420,394,340,7263.0,2,0
2421,391,340,7266.0,2,0
2422,388,340,7269.0,2,0
2423,385,340,7272.0,2,0
2424,382,340,7275.0,2,0
2425,379,340,7278.0,2,0
2426,376,340,7281.0,2,0
2427,373,340,7284.0,2,0
2428,370,340,7287.0,2,0
2429,367,340,7290.0,2,0
2430,364,340,7293.0,2,0
2431,361,340,7296.0,2,0
2432,358,340,7299.0,2,0
2433,355,340,7302.0,2,0
2434,352,340,7305.0,2,0
2435,349,340,7308.0,2,0
2436,346,340,7311.0,2,0
2437,343,340,7314.0,2,0
2438,340,340,7317.0,2,0
2439,337,340,7320.0,2,0
2440,334,340,7323.0,2,0
2441,331,340,7326.0,2,0
2442,328,340,7329.0,2,0
2443,325,340,7332.0,2,0
2444,322,340,7335.0,2,0
2445,319,340,7338.0,2,0
2446,316,340,7341.0,2,0
2447,313,340,7344.0,2,0
2448,310,340,7347.0,2,0
2449,307,340,7350.0,2,0
2450,304,340,7353.0,2,0
2451,301,340,7356.0,2,0
2452,298,340,7359.0,2,0
2453,298,343,7362.0,2,0
2454,297,346,7365.0,2,0
2455,297,349,7368.0,2,0
2456,296,352,7371.0,2,0
2457,296,355,7374.0,2,0
2458,295,358,7377.0,2,0
2459,295,361,7380.0,2,0
2460,292,361,7383.0,2,0
2461,289,361,7386.0,2,0
2462,286,361,7389.0,2,0
2463,283,361,7392.0,2,0
2464,280,361,7395.0,2,0
2465,277,361,7398.0,2,0
2466,274,361,7401.0,2,0
2467,271,361,7404.0,2,0
2468,268,361,7407.0,2,0
2469,265,361,7410.0,2,0
2470,262,361,7413.0,2,0
2471,259,361,7416.0,2,0
2472,256,361,7419.0,2,0
2473,253,361,7422.0,2,0
2474,250,361,7425.0,2,0
2475,247,361,7428.0,2,0
2476,244,361,7431.0,2,0
2477,241,361,7434.0,2,0
2478,238,361,7437.0,2,0
2479,235,361,7440.0,2,0
2480,232,361,7443.0,2,0
2481,229,361,7446.0,2,0
2482,226,361,7449.0,2,0
2483,223,361,7452.0,2,0
2484,220,361,7455.0,2,0
2485,217,361,7458.0,2,0
2486,217,364,7461.0,2,0
2487,216,367,7464.0,2,0
2488,216,370,7467.0,2,0
2489,215,373,7470.0,2,0
2490,215,376,7473.0,2,0
2491,215,379,7476.0,2,0
2492,214,382,7479.0,2,0
2493,211,382,7482.0,2,0
2494,208,382,7485.0,2,0
2495,205,382,7488.0,2,0
2496,202,382,7491.0,2,0
2497,199,382,7494.0,2,0
2498,196,382,7497.0,2,0
2499,193,382,7500.0,2,0
2500,190,382,7503.0,2,0
2501,187,382,7506.0,2,0
2502,184,382,7509.0,2,0
2503,181,382,7512.0,2,0
2504,178,382,7515.0,2,0
2505,175,382,7518.0,2,0
2506,172,382,7521.0,2,0
2507,169,382,7524.0,2,0
2508,166,382,7527.0,2,0
2509,163,382,7530.0,2,0
2510,160,382,7533.0,2,0
2511,157,382,7536.0,2,0
2512,154,382,7539.0,2,0
2513,151,382,7542.0,2,0
2514,148,382,7545.0,2,0
2515,145,382,7548.0,2,0
2516,142,382,7551.0,2,0
2517,139,382,7554.0,2,0
2518,136,382,7557.0,2,0
2519,133,382,7560.0,2,0
2520,130,382,7563.0,2,0
2521,127,382,7566.0,2,0
2522,124,382,7569.0,2,0
2523,121,382,7572.0,2,0
2524,118,382,7575.0,2,0
2525,115,382,7578.0,2,0
2526,112,382,7581.0,2,0
2527,109,382,7584.0,2,0
2528,106,382,7587.0,2,0
2529,103,382,7590.0,2,0
2530,100,382,7593.0,2,0
2531,97,382,7596.0,2,0
2532,94,382,7599.0,2,0
2533,91,382,7602.0,2,0
2534,88,382,7605.0,2,0
2535,85,382,7608.0,2,0
2536,82,382,7611.0,2,0
2537,79,382,7614.0,2,0
2538,76,382,7617.0,2,0
2539,73,382,7620.0,2,0
2540,70,382,7623.0,2,0
2541,67,382,7626.0,2,0
2542,64,382,7629.0,2,0
2543,61,382,7632.0,2,0
2544,58,382,7635.0,2,0
2545,55,382,7638.0,2,0
2546,52,382,7641.0,2,0
2547,49,382,7644.0,2,0
2548,46,382,7647.0,2,0
2549,43,382,7650.0,2,0
2550,40,382,7653.0,2,0
2551,37,382,7656.0,2,0
2552,34,382,7659.0,2,0
2553,31,382,7662.0,2,0
2554,28,382,7665.0,2,0
2555,25,382,7668.0,2,0
2556,25,385,7671.0,2,0
2557,25,388,7674.0,2,0
2558,25,391,7677.0,2,0
2559,25,394,7680.0,2,0
2560,25,397,7683.0,2,0
2561,25,400,7686.0,2,0
2562,25,403,7689.0,2,0
2563,25,406,7692.0,2,0
2564,28,406,7695.0,2,0
2565,31,406,7698.0,2,0
2566,34,406,7701.0,2,0
2567,37,406,7704.0,2,0
2568,40,406,7707.0,2,0
2569,43,406,7710.0,2,0
2570,46,406,7713.0,2,0
2571,49,406,7716.0,2,0
2572,52,406,7719.0,2,0
2573,55,406,7722.0,2,0
2574,58,406,7725.0,2,0
2575,61,406,7728.0,2,0
2576,64,406,7731.0,2,0
2577,67,406,7734.0,2,0
2578,70,406,7737.0,2,0
2579,73,406,7740.0,2,0
2580,76,406,7743.0,2,0
2581,79,406,7746.0,2,0
2582,82,406,7749.0,2,0
2583,85,406,7752.0,2,0
2584,88,406,7755.0,2,0
2585,91,406,7758.0,2,0
2586,94,406,7761.0,2,0
2587,97,406,7764.0,2,0
2588,100,406,7767.0,2,0
2589,103,406,7770.0,2,0
2590,106,406,7773.0,2,0
2591,109,406,7776.0,2,0
2592,112,406,7779.0,2,0
2593,115,406,7782.0,2,0
2594,118,406,7785.0,2,0
2595,121,406,7788.0,2,0
2596,124,406,7791.0,2,0
2597,127,406,7794.0,2,0
2598,130,406,7797.0,2,0
2599,133,406,7800.0,2,0
2600,136,406,7803.0,2,0
2601,139,406,7806.0,2,0
2602,142,406,7809.0,2,0
2603,145,406,7812.0,2,0
2604,148,406,7815.0,2,0
2605,151,406,7818.0,2,0
2606,154,406,7821.0,2,0
2607,157,406,7824.0,2,0
2608,160,406,7827.0,2,0
2609,163,406,7830.0,2,0
2610,166,406,7833.0,2,0
2611,169,406,7836.0,2,0
2612,172,406,7839.0,2,0
2613,175,406,7842.0,2,0
2614,178,406,7845.0,2,0
2615,181,406,7848.0,2,0
2616,184,406,7851.0,2,0
2617,187,406,7854.0,2,0
2618,190,406,7857.0,2,0
2619,193,406,7860.0,2,0
2620,196,406,7863.0,2,0
2621,199,406,7866.0,2,0
2622,202,406,7869.0,2,0
2623,205,406,7872.0,2,0
2624,208,406,7875.0,2,0
2625,211,406,7878.0,2,0
2626,214,406,7881.0,2,0
2627,217,406,7884.0,2,0
2628,220,406,7887.0,2,0
2629,223,406,7890.0,2,0
2630,226,406,7893.0,2,0
2631,229,406,7896.0,2,0
2632,232,406,7899.0,2,0
2633,235,406,7902.0,2,0
2634,238,406,7905.0,2,0
2635,241,406,7908.0,2,0
2636,244,406,7911.0,2,0
2637,247,406,7914.0,2,0
2638,250,406,7917.0,2,0
2639,253,406,7920.0,2,0
2640,256,406,7923.0,2,0
2641,259,406,7926.0,2,0
2642,262,406,7929.0,2,0
2643,265,406,7932.0,2,0
2644,268,406,7935.0,2,0
2645,271,406,7938.0,2,0
2646,274,406,7941.0,2,0
2647,277,406,7944.0,2,0
2648,280,406,7947.0,2,0
2649,283,406,7950.0,2,0
2650,286,406,7953.0,2,0
2651,289,406,7956.0,2,0
2652,292,406,7959.0,2,0
2653,295,406,7962.0,2,0
2654,298,406,7965.0,2,0
2655,301,406,7968.0,2,0
2656,304,406,7971.0,2,0
2657,307,406,7974.0,2,0
2658,310,406,7977.0,2,0
2659,313,406,7980.0,2,0
2660,316,406,7983.0,2,0
2661,319,406,7986.0,2,0
2662,322,406,7989.0,2,0
2663,325,406,7992.0,2,0
2664,328,406,7995.0,2,0
2665,331,406,7998.0,2,0
2666,334,406,8001.0,2,0
2667,337,406,8004.0,2,0
2668,340,406,8007.0,2,0
2669,343,406,8010.0,2,0
2670,346,406,8013.0,2,0
2671,349,406,8016.0,2,0
2672,352,406,8019.0,2,0
2673,355,406,8022.0,2,0
2674,358,406,8025.0,2,0
2675,361,406,8028.0,2,0
2676,364,406,8031.0,2,0
2677,367,406,8034.0,2,0
2678,370,406,8037.0,2,0
2679,373,406,8040.0,2,0
2680,376,406,8043.0,2,0
2681,379,406,8046.0,2,0
2682,382,406,8049.0,2,0
2683,385,406,8052.0,2,0
2684,388,406,8055.0,2,0
2685,391,406,8058.0,2,0
2686,394,406,8061.0,2,0
2687,397,406,8064.0,2,0
2688,400,406,8067.0,2,0
2689,403,406,8070.0,2,0
2690,406,406,8073.0,2,0
2691,409,406,8076.0,2,0
2692,412,406,8079.0,2,0
2693,415,406,8082.0,2,0
2694,418,406,8085.0,2,0
2695,421,406,8088.0,2,0
2696,424,406,8091.0,2,0
2697,427,406,8094.0,2,0
2698,430,406,8097.0,2,0
2699,433,406,8100.0,2,0
2700,436,406,8103.0,2,0
2701,439,406,8106.0,2,0
2702,442,406,8109.0,2,0
2703,445,406,8112.0,2,0
2704,448,406,8115.0,2,0
2705,451,406,8118.0,2,0
2706,454,406,8121.0,2,0
2707,457,406,8124.0,2,0
2708,460,406,8127.0,2,0
2709,463,406,8130.0,2,0
2710,466,406,8133.0,2,0
2711,469,406,8136.0,2,0
2712,472,406,8139.0,2,0
2713,475,406,8142.0,2,0
2714,478,406,8145.0,2,0
2715,481,406,8148.0,2,0
2716,484,406,8151.0,2,0
2717,487,406,8154.0,2,0
2718,490,406,8157.0,2,0
2719,493,406,8160.0,2,0
2720,496,406,8163.0,2,0
2721,499,406,8166.0,2,0
2722,502,406,8169.0,2,0
2723,505,406,8172.0,2,0
2724,508,406,8175.0,2,0
2725,511,406,8178.0,2,0
2726,514,406,8181.0,2,0
2727,517,406,8184.0,2,0
2728,520,406,8187.0,2,0
2729,523,406,8190.0,2,0
2730,526,406,8193.0,2,0
2731,529,406,8196.0,2,0
2732,532,406,8199.0,2,0
2733,535,406,8202.0,2,0
2734,538,406,8205.0,2,0
2735,541,406,8208.0,2,0
2736,544,406,8211.0,2,0
2737,547,406,8214.0,2,0
2738,550,406,8217.0,2,0
2739,553,406,8220.0,2,0
2740,556,406,8223.0,2,0
2741,559,406,8226.0,2,0
2742,562,406,8229.0,2,0
2743,565,406,8232.0,2,0
2744,568,406,8235.0,2,0
2745,571,406,8238.0,2,0
2746,574,406,8241.0,2,0
2747,577,406,8244.0,2,0
2748,580,406,8247.0,2,0
2749,583,406,8250.0,2,0
2750,586,406,8253.0,2,0
2751,589,406,8256.0,2,0
2752,592,406,8259.0,2,0
2753,595,406,8262.0,2,0
2754,598,406,8265.0,2,0
2755,601,406,8268.0,2,0
2756,604,406,8271.0,2,0
2757,607,406,8274.0,2,0
2758,610,406,8277.0,2,0
2759,613,406,8280.0,2,0
2760,616,406,8283.0,2,0
2761,619,406,8286.0,2,0
2762,622,406,8289.0,2,0
2763,625,406,8292.0,2,0
2764,628,406,8295.0,2,0
2765,631,406,8298.0,2,0
2766,634,406,8301.0,2,0
2767,637,406,8304.0,2,0
2768,640,406,8307.0,2,0
2769,643,406,8310.0,2,0
2770,646,406,8313.0,2,0
2771,649,406,8316.0,2,0
2772,652,406,8319.0,2,0
2773,655,406,8322.0,2,0
2774,658,406,8325.0,2,0
2775,661,406,8328.0,2,0
2776,664,406,8331.0,2,0
2777,667,406,8334.0,2,0
2778,670,406,8337.0,2,0
2779,673,406,8340.0,2,0
2780,676,406,8343.0,2,0
2781,679,406,8346.0,2,0
2782,682,406,8349.0,2,0
2783,685,406,8352.0,2,0
2784,688,406,8355.0,2,0
2785,691,406,8358.0,2,0
2786,694,406,8361.0,2,0
2787,697,406,8364.0,2,0
2788,700,406,8367.0,2,0
2789,703,406,8370.0,2,0
2790,706,406,8373.0,2,0
2791,709,406,8376.0,2,0
2792,712,406,8379.0,2,0
2793,715,406,8382.0,2,0
2794,718,406,8385.0,2,0
2795,721,406,8388.0,2,0
2796,724,406,8391.0,2,0
2797,727,406,8394.0,2,0
2798,730,406,8397.0,2,0
2799,733,406,8400.0,2,0
2800,736,406,8403.0,2,0
2801,739,406,8406.0,2,0
2802,742,406,8409.0,2,0
2803,745,406,8412.0,2,0
2804,748,406,8415.0,2,0
2805,751,406,8418.0,2,0
2806,754,406,8421.0,2,0
2807,757,406,8424.0,2,0
2808,760,406,8427.0,2,0
2809,763,406,8430.0,2,0
2810,766,406,8433.0,2,0
2811,769,406,8436.0,2,0
2812,772,406,8439.0,2,0
2813,775,406,8442.0,2,0
2814,778,406,8445.0,2,0
2815,781,406,8448.0,2,0
2816,784,406,8451.0,2,0
2817,787,406,8454.0,2,0
2818,790,406,8457.0,2,0
2819,793,406,8460.0,2,0
2820,796,406,8463.0,2,0
2821,799,406,8466.0,2,0
2822,802,406,8469.0,2,0
2823,805,406,8472.0,2,0
2824,808,406,8475.0,2,0
2825,811,406,8478.0,2,0
2826,814,406,8481.0,2,0
2827,817,406,8484.0,2,0
2828,820,406,8487.0,2,0
2829,823,406,8490.0,2,0
2830,826,406,8493.0,2,0
2831,829,406,8496.0,2,0
2832,832,406,8499.0,2,0
2833,835,406,8502.0,2,0
2834,838,406,8505.0,2,0
2835,841,406,8508.0,2,0
2836,844,406,8511.0,2,0
2837,847,406,8514.0,2,0
2838,850,406,8517.0,2,0
2839,853,406,8520.0,2,0
2840,856,406,8523.0,2,0
2841,859,406,8526.0,2,0
2842,862,406,8529.0,2,0
2843,865,406,8532.0,2,0
2844,868,406,8535.0,2,0
2845,871,406,8538.0,2,0
2846,874,406,8541.0,2,0
2847,877,406,8544.0,2,0
2848,880,406,8547.0,2,0
2849,883,406,8550.0,2,0
2850,886,406,8553.0,2,0
2851,889,406,8556.0,2,0
2852,892,406,8559.0,2,0
2853,895,406,8562.0,2,0
2854,898,406,8565.0,2,0
2855,901,406,8568.0,2,0
2856,904,406,8571.0,2,0
2857,907,406,8574.0,2,0
2858,910,406,8577.0,2,0
2859,913,406,8580.0,2,0
2860,916,406,8583.0,2,0
2861,919,406,8586.0,2,0
2862,922,406,8589.0,2,0
2863,923,409,8592.0,2,0
2864,923,412,8595.0,2,0
2865,923,415,8598.0,2,0
2866,924,418,8601.0,2,0
2867,924,421,8604.0,2,0
2868,927,421,8607.0,2,0
2869,930,421,8610.0,2,0
2870,933,421,8613.0,2,0
2871,936,421,8616.0,2,0
2872,939,421,8619.0,2,0
2873,942,421,8622.0,2,0
2874,945,421,8625.0,2,0
2875,948,421,8628.0,2,0
2876,951,421,8631.0,2,0
2877,954,421,8634.0,2,0
2878,957,421,8637.0,2,0
2879,960,421,8640.0,2,0
2880,963,421,8643.0,2,0
2881,966,421,8646.0,2,0
2882,969,421,8649.0,2,0
2883,972,421,8652.0,2,0
2884,975,421,8655.0,2,0
2885,975,424,8658.0,2,0
2886,975,427,8661.0,2,0
2887,975,430,8664.0,2,0
2888,975,433,8667.0,2,0
2889,975,436,8670.0,2,0
2890,975,439,8673.0,2,0
2891,975,442,8676.0,2,0
2892,975,445,8679.0,2,0
2893,972,445,8682.0,2,0
2894,969,445,8685.0,2,0
2895,966,445,8688.0,2,0
2896,963,445,8691.0,2,0
2897,960,445,8694.0,2,0
2898,957,445,8697.0,2,0
2899,954,445,8700.0,2,0
2900,951,445,8703.0,2,0
2901,948,445,8706.0,2,0
2902,945,445,8709.0,2,0
2903,942,445,8712.0,2,0
2904,939,445,8715.0,2,0
2905,936,445,8718.0,2,0
2906,933,445,8721.0,2,0
2907,930,445,8724.0,2,0
2908,927,445,8727.0,2,0
2909,924,445,8730.0,2,0
2910,921,445,8733.0,2,0
2911,918,445,8736.0,2,0
2912,915,445,8739.0,2,0
2913,912,445,8742.0,2,0
2914,909,445,8745.0,2,0
2915,906,445,8748.0,2,0
2916,903,445,8751.0,2,0
2917,900,445,8754.0,2,0
2918,897,445,8757.0,2,0
2919,894,445,8760.0,2,0
2920,891,445,8763.0,2,0
2921,888,445,8766.0,2,0
2922,885,445,8769.0,2,0
2923,882,445,8772.0,2,0
2924,879,445,8775.0,2,0
2925,876,445,8778.0,2,0
2926,873,445,8781.0,2,0
2927,870,445,8784.0,2,0
2928,867,445,8787.0,2,0
2929,864,445,8790.0,2,0
2930,861,445,8793.0,2,0
2931,858,445,8796.0,2,0
2932,855,445,8799.0,2,0
2933,852,445,8802.0,2,0
2934,849,445,8805.0,2,0
2935,846,445,8808.0,2,0
2936,843,445,8811.0,2,0
2937,840,445,8814.0,2,0
2938,837,445,8817.0,2,0
2939,834,445,8820.0,2,0
2940,831,445,8823.0,2,0
2941,828,445,8826.0,2,0
2942,825,445,8829.0,2,0
2943,822,445,8832.0,2,0
2944,819,445,8835.0,2,0
2945,816,445,8838.0,2,0
2946,813,445,8841.0,2,0
2947,810,445,8844.0,2,0
2948,807,445,8847.0,2,0
2949,804,445,8850.0,2,0
2950,801,445,8853.0,2,0
2951,798,445,8856.0,2,0
2952,795,445,8859.0,2,0
2953,792,445,8862.0,2,0
2954,789,445,8865.0,2,0
2955,786,445,8868.0,2,0
2956,783,445,8871.0,2,0
2957,780,445,8874.0,2,0
2958,777,445,8877.0,2,0
2959,774,445,8880.0,2,0
2960,771,445,8883.0,2,0
2961,768,445,8886.0,2,0
2962,765,445,8889.0,2,0
2963,762,445,8892.0,2,0
2964,759,445,8895.0,2,0
2965,756,445,8898.0,2,0
2966,753,445,8901.0,2,0
2967,750,445,8904.0,2,0
2968,747,445,8907.0,2,0
2969,744,445,8910.0,2,0
2970,741,445,8913.0,2,0
2971,738,445,8916.0,2,0
2972,738,448,8919.0,2,0
2973,737,451,8922.0,2,0
2974,737,454,8925.0,2,0
2975,737,456,8928.0,2,0
2976,736,459,8931.0,2,0
2977,736,462,8934.0,2,0
2978,733,462,8937.0,2,0
2979,730,462,8940.0,2,0
2980,727,462,8943.0,2,0
2981,724,462,8946.0,2,0
2982,721,462,8949.0,2,0
2983,718,462,8952.0,2,0
2984,721,462,8955.0,2,0
2985,724,462,8958.0,2,0
2986,727,462,8961.0,2,0
2987,730,462,8964.0,2,0
2988,733,462,8967.0,2,0
2989,736,462,8970.0,2,0
2990,739,462,8973.0,2,0
2991,742,462,8976.0,2,0
2992,745,462,8979.0,2,0
2993,748,462,8982.0,2,0
2994,751,462,8985.0,2,0
2995,754,462,8988.0,2,0
2996,757,462,8991.0,2,0
2997,760,462,8994.0,2,0
2998,763,462,8997.0,2,0
2999,766,462,9000.0,2,0
3000,769,462,9003.0,2,0
3001,772,462,9006.0,2,0
3002,775,462,9009.0,2,0
3003,778,462,9012.0,2,0
3004,781,462,9015.0,2,0
3005,784,462,9018.0,2,0
3006,787,462,9021.0,2,0
3007,790,462,9024.0,2,0
3008,793,462,9027.0,2,0
3009,796,462,9030.0,2,0
3010,799,462,9033.0,2,0
3011,802,462,9036.0,2,0
3012,805,462,9039.0,2,0
3013,808,462,9042.0,2,0
3014,811,462,9045.0,2,0
3015,814,462,9048.0,2,0
3016,817,462,9051.0,2,0
3017,820,462,9054.0,2,0
3018,823,462,9057.0,2,0
3019,826,462,9060.0,2,0
3020,829,462,9063.0,2,0
3021,832,462,9066.0,2,0
3022,835,462,9069.0,2,0
3023,838,462,9072.0,2,0
3024,841,462,9075.0,2,0
3025,844,462,9078.0,2,0
3026,847,462,9081.0,2,0
3027,850,462,9084.0,2,0
3028,853,462,9087.0,2,0
3029,856,462,9090.0,2,0
3030,859,462,9093.0,2,0
3031,862,462,9096.0,2,0
3032,865,462,9099.0,2,0
3033,868,462,9102.0,2,0
3034,871,462,9105.0,2,0
3035,874,462,9108.0,2,0
3036,877,462,9111.0,2,0
3037,880,462,9114.0,2,0
3038,883,462,9117.0,2,0
3039,886,462,9120.0,2,0
3040,889,462,9123.0,2,0
3041,892,462,9126.0,2,0
3042,895,462,9129.0,2,0
3043,898,462,9132.0,2,0
3044,901,462,9135.0,2,0
3045,904,462,9138.0,2,0
3046,907,462,9141.0,2,0
3047,910,462,9144.0,2,0
3048,913,462,9147.0,2,0
3049,916,462,9150.0,2,0
3050,919,462,9153.0,2,0
3051,922,462,9156.0,2,0
3052,925,462,9159.0,2,0
3053,928,462,9162.0,2,0
3054,931,462,9165.0,2,0
3055,934,462,9168.0,2,0
3056,937,462,9171.0,2,0
3057,940,462,9174.0,2,0
3058,943,462,9177.0,2,0
3059,946,462,9180.0,2,0
3060,949,462,9183.0,2,0
3061,952,462,9186.0,2,0
3062,955,462,9189.0,2,0
3063,958,462,9192.0,2,0
3064,961,462,9195.0,2,0
3065,964,462,9198.0,2,0
3066,967,462,9201.0,2,0
3067,970,462,9204.0,2,0
3068,973,462,9207.0,2,0
3069,973,465,9210.0,2,0
3070,973,468,9213.0,2,0
3071,973,471,9216.0,2,0
3072,973,474,9219.0,2,0
3073,973,477,9222.0,2,0
3074,973,480,9225.0,2,0
3075,975,483,9228.0,2,0
3076,975,486,9231.0,2,0
3077,972,486,9234.0,2,0
3078,969,486,9237.0,2,0
3079,966,486,9240.0,2,0
3080,963,486,9243.0,2,0
3081,960,486,9246.0,2,0
3082,957,486,9249.0,2,0
3083,954,486,9252.0,2,0
3084,951,486,9255.0,2,0
3085,948,486,9258.0,2,0
3086,945,486,9261.0,2,0
3087,942,486,9264.0,2,0
3088,939,486,9267.0,2,0
3089,936,486,9270.0,2,0
3090,933,486,9273.0,2,0
3091,930,486,9276.0,2,0
3092,927,486,9279.0,2,0
3093,924,486,9282.0,2,0
3094,921,486,9285.0,2,0
3095,918,486,9288.0,2,0
3096,915,486,9291.0,2,0
3097,912,486,9294.0,2,0
3098,909,486,9297.0,2,0
3099,906,486,9300.0,2,0
3100,903,486,9303.0,2,0
3101,900,486,9306.0,2,0
3102,897,486,9309.0,2,0
3103,894,486,9312.0,2,0
3104,891,486,9315.0,2,0
3105,888,486,9318.0,2,0
3106,885,486,9321.0,2,0
3107,882,486,9324.0,2,0
3108,879,486,9327.0,2,0
3109,876,486,9330.0,2,0
3110,873,486,9333.0,2,0
3111,870,486,9336.0,2,0
3112,867,486,9339.0,2,0
3113,864,486,9342.0,2,0
3114,861,486,9345.0,2,0
3115,858,486,9348.0,2,0
3116,855,486,9351.0,2,0
3117,852,486,9354.0,2,0
3118,849,486,9357.0,2,0
3119,846,486,9360.0,2,0
3120,843,486,9363.0,2,0
3121,840,486,9366.0,2,0
3122,837,486,9369.0,2,0
3123,834,486,9372.0,2,0
3124,831,486,9375.0,2,0
3125,828,486,9378.0,2,0
3126,825,486,9381.0,2,0
3127,822,486,9384.0,2,0
3128,819,486,9387.0,2,0
3129,816,486,9390.0,2,0
3130,813,486,9393.0,2,0
3131,810,486,9396.0,2,0
3132,807,486,9399.0,2,0
3133,804,486,9402.0,2,0
3134,801,486,9405.0,2,0
3135,798,486,9408.0,2,0
3136,795,486,9411.0,2,0
3137,792,486,9414.0,2,0
3138,789,486,9417.0,2,0
3139,786,486,9420.0,2,0
3140,783,486,9423.0,2,0
3141,780,486,9426.0,2,0
3142,777,486,9429.0,2,0
3143,774,486,9432.0,2,0
3144,771,486,9435.0,2,0
3145,768,486,9438.0,2,0
3146,765,486,9441.0,2,0
3147,762,486,9444.0,2,0
3148,759,486,9447.0,2,0
3149,756,486,9450.0,2,0
3150,753,486,9453.0,2,0
3151,750,486,9456.0,2,0
3152,747,486,9459.0,2,0
3153,744,486,9462.0,2,0
3154,741,486,9465.0,2,0
3155,738,486,9468.0,2,0
3156,735,486,9471.0,2,0
3157,732,486,9474.0,2,0
3158,729,486,9477.0,2,0
3159,726,486,9480.0,2,0
3160,723,486,9483.0,2,0
3161,720,486,9486.0,2,0
3162,717,486,9489.0,2,0
3163,714,486,9492.0,2,0
3164,711,486,9495.0,2,0
3165,708,486,9498.0,2,0
3166,705,486,9501.0,2,0
3167,702,486,9504.0,2,0
3168,699,486,9507.0,2,0
3169,696,486,9510.0,2,0
3170,693,486,9513.0,2,0
3171,690,486,9516.0,2,0
3172,687,486,9519.0,2,0
3173,684,486,9522.0,2,0
3174,681,486,9525.0,2,0
3175,678,486,9528.0,2,0
3176,675,486,9531.0,2,0
3177,672,486,9534.0,2,0
3178,669,486,9537.0,2,0
3179,666,486,9540.0,2,0
3180,663,486,9543.0,2,0
3181,660,486,9546.0,2,0
3182,657,486,9549.0,2,0
3183,654,486,9552.0,2,0
3184,651,486,9555.0,2,0
3185,648,486,9558.0,2,0
3186,645,486,9561.0,2,0
3187,642,486,9564.0,2,0
3188,639,486,9567.0,2,0
3189,636,486,9570.0,2,0
3190,633,486,9573.0,2,0
3191,630,486,9576.0,2,0
3192,627,486,9579.0,2,0
3193,624,486,9582.0,2,0
3194,621,486,9585.0,2,0
3195,618,486,9588.0,2,0
3196,615,486,9591.0,2,0
3197,612,486,9594.0,2,0
3198,609,486,9597.0,2,0
3199,606,486,9600.0,2,0
3200,603,486,9603.0,2,0
3201,600,486,9606.0,2,0
3202,597,486,9609.0,2,0
3203,596,489,9612.0,2,0
3204,596,491,9615.0,2,0
3205,596,494,9618.0,2,0
3206,595,497,9621.0,2,0
3207,595,500,9624.0,2,0
3208,592,500,9627.0,2,0
3209,589,500,9630.0,2,0
3210,586,500,9633.0,2,0
3211,583,500,9636.0,2,0
3212,580,500,9639.0,2,0
3213,577,500,9642.0,2,0
3214,574,500,9645.0,2,0
3215,571,500,9648.0,2,0
3216,568,500,9651.0,2,0
3217,565,500,9654.0,2,0
3218,562,500,9657.0,2,0
3219,559,500,9660.0,2,0
3220,556,500,9663.0,2,0
3221,553,500,9666.0,2,0
3222,550,500,9669.0,2,0
3223,547,500,9672.0,2,0
3224,544,500,9675.0,2,0
3225,541,500,9678.0,2,0
3226,538,500,9681.0,2,0
3227,535,500,9684.0,2,0
3228,532,500,9687.0,2,0
3229,529,500,9690.0,2,0
3230,526,500,9693.0,2,0
3231,523,500,9696.0,2,0
3232,520,500,9699.0,2,0
3233,517,500,9702.0,2,0
3234,514,500,9705.0,2,0
3235,511,500,9708.0,2,0
3236,508,500,9711.0,2,0
3237,505,500,9714.0,2,0
3238,502,500,9717.0,2,0
3239,499,500,9720.0,2,0
3240,496,500,9723.0,2,0
3241,493,500,9726.0,2,0
3242,490,500,9729.0,2,0
3243,487,500,9732.0,2,0
3244,484,500,9735.0,2,0
3245,481,500,9738.0,2,0
3246,478,500,9741.0,2,0
3247,475,500,9744.0,2,0
3248,472,500,9747.0,2,0
3249,469,500,9750.0,2,0
3250,466,500,9753.0,2,0
3251,463,500,9756.0,2,0
3252,460,500,9759.0,2,0
3253,457,500,9762.0,2,0
3254,454,500,9765.0,2,0
3255,451,500,9768.0,2,0
3256,448,500,9771.0,2,0
3257,445,500,9774.0,2,0
3258,442,500,9777.0,2,0
3259,439,500,9780.0,2,0
3260,436,500,9783.0,2,0
3261,433,500,9786.0,2,0
3262,430,500,9789.0,2,0
3263,427,500,9792.0,2,0
3264,424,500,9795.0,2,0
3265,421,500,9798.0,2,0
3266,418,500,9801.0,2,0
3267,415,500,9804.0,2,0
3268,412,500,9807.0,2,0
3269,409,500,9810.0,2,0
3270,406,500,9813.0,2,0
3271,403,500,9816.0,2,0
3272,400,500,9819.0,2,0
3273,397,500,9822.0,2,0
3274,394,500,9825.0,2,0
3275,391,500,9828.0,2,0
3276,388,500,9831.0,2,0
3277,385,500,9834.0,2,0
3278,382,500,9837.0,2,0
3279,379,500,9840.0,2,0
3280,376,500,9843.0,2,0
3281,373,500,9846.0,2,0
3282,370,500,9849.0,2,0
3283,367,500,9852.0,2,0
3284,364,500,9855.0,2,0
3285,361,500,9858.0,2,0
3286,358,500,9861.0,2,0
3287,355,500,9864.0,2,0
3288,352,500,9867.0,2,0
3289,349,500,9870.0,2,0
3290,346,500,9873.0,2,0
3291,343,500,9876.0,2,0
3292,340,500,9879.0,2,0
3293,337,500,9882.0,2,0
3294,334,500,9885.0,2,0
3295,331,500,9888.0,2,0
3296,328,500,9891.0,2,0
3297,325,500,9894.0,2,0
3298,322,500,9897.0,2,0
3299,319,500,9900.0,2,0
3300,316,500,9903.0,2,0
3301,313,500,9906.0,2,0
3302,310,500,9909.0,2,0
3303,307,500,9912.0,2,0
3304,304,500,9915.0,2,0
3305,301,500,9918.0,2,0
3306,298,500,9921.0,2,0
3307,295,500,9924.0,2,0
3308,292,500,9927.0,2,0
3309,289,500,9930.0,2,0
3310,286,500,9933.0,2,0
3311,283,500,9936.0,2,0
3312,280,500,9939.0,2,0
3313,277,500,9942.0,2,0
3314,274,500,9945.0,2,0
3315,271,500,9948.0,2,0
3316,268,500,9951.0,2,0
3317,265,500,9954.0,2,0
3318,262,500,9957.0,2,0
3319,259,500,9960.0,2,0
3320,256,500,9963.0,2,0
3321,253,500,9966.0,2,0
3322,250,500,9969.0,2,0
3323,247,500,9972.0,2,0
3324,244,500,9975.0,2,0
3325,241,500,9978.0,2,0
3326,238,500,9981.0,2,0
3327,235,500,9984.0,2,0
3328,232,500,9987.0,2,0
3329,229,500,9990.0,2,0
3330,226,500,9993.0,2,0
3331,223,500,9996.0,2,0
3332,220,500,9999.0,2,0
3333,217,500,10002.0,2,0
3334,214,500,10005.0,2,0
3335,211,500,10008.0,2,0
3336,208,500,10011.0,2,0
3337,205,500,10014.0,2,0
3338,202,500,10017.0,2,0
3339,199,500,10020.0,2,0
3340,196,500,10023.0,2,0
3341,193,500,10026.0,2,0
3342,190,500,10029.0,2,0
3343,187,500,10032.0,2,0
3344,184,500,10035.0,2,0
3345,181,500,10038.0,2,0
3346,178,500,10041.0,2,0
3347,175,500,10044.0,2,0
3348,172,500,10047.0,2,0
3349,169,500,10050.0,2,0
3350,166,500,10053.0,2,0
3351,163,500,10056.0,2,0
3352,160,500,10059.0,2,0
3353,157,500,10062.0,2,0
3354,154,500,10065.0,2,0
3355,151,500,10068.0,2,0
3356,148,500,10071.0,2,0
3357,145,500,10074.0,2,0
3358,142,500,10077.0,2,0
3359,139,500,10080.0,2,0
3360,136,500,10083.0,2,0
3361,133,500,10086.0,2,0
3362,130,500,10089.0,2,0
3363,127,500,10092.0,2,0
3364,124,500,10095.0,2,0
3365,121,500,10098.0,2,0
3366,118,500,10101.0,2,0
3367,115,500,10104.0,2,0
3368,112,500,10107.0,2,0
3369,109,500,10110.0,2,0
3370,106,500,10113.0,2,0
3371,103,500,10116.0,2,0
3372,100,500,10119.0,2,0
3373,97,500,10122.0,2,0
3374,94,500,10125.0,2,0
3375,91,500,10128.0,2,0
3376,88,500,10131.0,2,0
3377,85,500,10134.0,2,0
3378,82,500,10137.0,2,0
3379,79,500,10140.0,2,0
3380,76,500,10143.0,2,0
3381,73,500,10146.0,2,0
3382,70,500,10149.0,2,0
3383,67,500,10152.0,2,0
3384,64,500,10155.0,2,0
3385,61,500,10158.0,2,0
3386,58,500,10161.0,2,0
3387,55,500,10164.0,2,0
3388,52,500,10167.0,2,0
3389,49,500,10170.0,2,0
3390,46,500,10173.0,2,0
3391,43,500,10176.0,2,0
3392,40,500,10179.0,2,0
3393,37,500,10182.0,2,0
3394,34,500,10185.0,2,0
3395,31,500,10188.0,2,0
3396,28,500,10191.0,2,0
3397,25,500,10194.0,2,0
3398,25,503,10197.0,2,0
3399,25,506,10200.0,2,0
3400,25,509,10203.0,2,0
3401,25,512,10206.0,2,0
3402,25,515,10209.0,2,0
3403,25,518,10212.0,2,0
3404,25,521,10215.0,2,0
3405,25,524,10218.0,2,0
3406,28,524,10221.0,2,0
3407,31,524,10224.0,2,0
3408,34,524,10227.0,2,0
3409,37,524,10230.0,2,0
3410,40,524,10233.0,2,0
3411,40,527,10236.0,2,0
3412,41,530,10239.0,2,0
3413,41,533,10242.0,2,0
3414,41,536,10245.0,2,0
3415,42,539,10248.0,2,0
3416,42,542,10251.0,2,0
3417,45,542,10254.0,2,0
3418,48,542,10257.0,2,0
3419,51,542,10260.0,2,0
3420,54,542,10263.0,2,0
3421,57,542,10266.0,2,0
3422,60,542,10269.0,2,0
3423,63,542,10272.0,2,0
3424,66,542,10275.0,2,0
3425,69,542,10278.0,2,0
3426,72,542,10281.0,2,0
3427,75,542,10284.0,2,0
3428,78,542,10287.0,2,0
3429,81,542,10290.0,2,0
3430,84,542,10293.0,2,0
3431,87,542,10296.0,2,0
3432,90,542,10299.0,2,0
3433,93,542,10302.0,2,0
3434,96,542,10305.0,2,0
3435,99,542,10308.0,2,0
3436,102,542,10311.0,2,0
3437,105,542,10314.0,2,0
3438,108,542,10317.0,2,0
3439,111,542,10320.0,2,0
3440,114,542,10323.0,2,0
3441,117,542,10326.0,2,0
3442,120,542,10329.0,2,0
3443,123,542,10332.0,2,0
3444,126,542,10335.0,2,0
3445,129,542,10338.0,2,0
3446,132,542,10341.0,2,0
3447,135,542,10344.0,2,0
3448,138,542,10347.0,2,0
3449,141,542,10350.0,2,0
3450,144,542,10353.0,2,0
3451,147,542,10356.0,2,0
3452,150,542,10359.0,2,0
3453,153,542,10362.0,2,0
3454,156,542,10365.0,2,0
3455,159,542,10368.0,2,0
3456,162,542,10371.0,2,0
3457,165,542,10374.0,2,0
3458,168,542,10377.0,2,0
3459,171,542,10380.0,2,0
3460,174,542,10383.0,2,0
3461,177,542,10386.0,2,0
3462,180,542,10389.0,2,0
3463,183,542,10392.0,2,0
3464,186,542,10395.0,2,0
3465,189,542,10398.0,2,0
3466,192,542,10401.0,2,0
3467,195,542,10404.0,2,0
3468,198,542,10407.0,2,0
3469,201,542,10410.0,2,0
3470,204,542,10413.0,2,0
3471,207,542,10416.0,2,0
3472,210,542,10419.0,2,0
3473,213,542,10422.0,2,0
3474,216,542,10425.0,2,0
3475,219,542,10428.0,2,0
3476,222,542,10431.0,2,0
3477,225,542,10434.0,2,0
3478,228,542,10437.0,2,0
3479,231,542,10440.0,2,0
3480,234,542,10443.0,2,0
3481,237,542,10446.0,2,0
3482,240,542,10449.0,2,0
3483,243,542,10452.0,2,0
3484,246,542,10455.0,2,0
3485,249,542,10458.0,2,0
3486,252,542,10461.0,2,0
3487,255,542,10464.0,2,0
3488,258,542,10467.0,2,0
3489,261,542,10470.0,2,0
3490,264,542,10473.0,2,0
3491,267,542,10476.0,2,0
3492,270,542,10479.0,2,0
3493,273,542,10482.0,2,0
3494,276,542,10485.0,2,0
3495,279,542,10488.0,2,0
3496,282,542,10491.0,2,0
3497,285,542,10494.0,2,0
3498,288,542,10497.0,2,0
3499,291,542,10500.0,2,0
3500,294,542,10503.0,2,0
3501,297,542,10506.0,2,0
3502,300,542,10509.0,2,0
3503,303,542,10512.0,2,0
3504,306,542,10515.0,2,0
3505,309,542,10518.0,2,0
3506,312,542,10521.0,2,0
3507,315,542,10524.0,2,0
3508,318,542,10527.0,2,0
3509,321,542,10530.0,2,0
3510,324,542,10533.0,2,0
3511,327,542,10536.0,2,0
3512,330,542,10539.0,2,0
3513,333,542,10542.0,2,0
3514,336,542,10545.0,2,0
3515,339,542,10548.0,2,0
3516,342,542,10551.0,2,0
3517,345,542,10554.0,2,0
3518,348,542,10557.0,2,0
3519,351,542,10560.0,2,0
3520,354,542,10563.0,2,0
3521,357,542,10566.0,2,0
3522,360,542,10569.0,2,0
3523,363,542,10572.0,2,0
3524,366,542,10575.0,2,0
3525,369,542,10578.0,2,0
3526,372,542,10581.0,2,0
3527,375,542,10584.0,2,0
3528,378,542,10587.0,2,0
3529,381,542,10590.0,2,0
3530,384,542,10593.0,2,0
3531,387,542,10596.0,2,0
3532,390,542,10599.0,2,0
3533,393,542,10602.0,2,0
3534,396,542,10605.0,2,0
3535,399,542,10608.0,2,0
3536,402,542,10611.0,2,0
3537,405,542,10614.0,2,0
3538,408,542,10617.0,2,0
3539,411,542,10620.0,2,0
3540,414,542,10623.0,2,0
3541,417,542,10626.0,2,0
3542,420,542,10629.0,2,0
3543,423,542,10632.0,2,0
3544,426,542,10635.0,2,0
3545,429,542,10638.0,2,0
3546,432,542,10641.0,2,0
3547,435,542,10644.0,2,0
3548,438,542,10647.0,2,0
3549,441,542,10650.0,2,0
3550,444,542,10653.0,2,0
3551,447,542,10656.0,2,0
3552,450,542,10659.0,2,0
3553,453,542,10662.0,2,0
3554,456,542,10665.0,2,0
3555,459,542,10668.0,2,0
3556,462,542,10671.0,2,0
3557,465,542,10674.0,2,0
3558,468,542,10677.0,2,0
3559,471,542,10680.0,2,0
3560,474,542,10683.0,2,0
3561,477,542,10686.0,2,0
3562,480,542,10689.0,2,0
3563,483,542,10692.0,2,0
3564,486,542,10695.0,2,0
3565,489,542,10698.0,2,0
3566,492,542,10701.0,2,0
3567,495,542,10704.0,2,0
3568,498,542,10707.0,2,0
3569,501,542,10710.0,2,0
3570,504,542,10713.0,2,0
3571,507,542,10716.0,2,0
3572,510,542,10719.0,2,0
3573,513,542,10722.0,2,0
3574,516,542,10725.0,2,0
3575,519,542,10728.0,2,0
3576,522,542,10731.0,2,0
3577,523,545,10734.0,2,0
3578,523,548,10737.0,2,0
3579,524,551,10740.0,2,0
3580,524,554,10743.0,2,0
3581,524,557,10746.0,2,0
3582,525,560,10749.0,2,0
3583,525,563,10752.0,2,0
3584,526,566,10755.0,2,0
3585,526,569,10758.0,2,0
3586,526,572,10761.0,2,0
3587,527,575,10764.0,2,0
3588,527,578,10767.0,2,0
3589,528,581,10770.0,2,0
3590,531,581,10773.0,2,0
3591,534,581,10776.0,2,0
3592,537,581,10779.0,2,0
3593,540,581,10782.0,2,0
3594,543,581,10785.0,2,0
3595,546,581,10788.0,2,0
3596,549,581,10791.0,2,0
3597,552,581,10794.0,2,0
3598,555,581,10797.0,2,0
3599,558,581,10800.0,2,0
3600,561,581,10803.0,2,0
3601,564,581,10806.0,2,0
3602,567,581,10809.0,2,0
3603,570,581,10812.0,2,0
3604,573,581,10815.0,2,0
3605,576,581,10818.0,2,0
3606,579,581,10821.0,2,0
3607,582,581,10824.0,2,0
3608,585,581,10827.0,2,0
3609,588,581,10830.0,2,0
3610,591,581,10833.0,2,0
3611,594,581,10836.0,2,0
3612,597,581,10839.0,2,0
3613,600,581,10842.0,2,0
3614,603,581,10845.0,2,0
3615,606,581,10848.0,2,0
3616,609,581,10851.0,2,0
3617,612,581,10854.0,2,0
3618,615,581,10857.0,2,0
3619,618,581,10860.0,2,0
3620,621,581,10863.0,2,0
3621,624,581,10866.0,2,0
3622,627,581,10869.0,2,0
3623,630,581,10872.0,2,0
3624,633,581,10875.0,2,0
3625,636,581,10878.0,2,0
3626,639,581,10881.0,2,0
3627,642,581,10884.0,2,0
3628,645,581,10887.0,2,0
3629,648,581,10890.0,2,0
3630,651,581,10893.0,2,0
3631,654,581,10896.0,2,0
3632,657,581,10899.0,2,0
3633,660,581,10902.0,2,0
3634,663,581,10905.0,2,0
3635,666,581,10908.0,2,0
3636,669,581,10911.0,2,0
3637,672,581,10914.0,2,0
3638,675,581,10917.0,2,0
3639,678,581,10920.0,2,0
3640,681,581,10923.0,2,0
3641,684,581,10926.0,2,0
3642,687,581,10929.0,2,0
3643,690,581,10932.0,2,0
3644,693,581,10935.0,2,0
3645,696,581,10938.0,2,0
3646,699,581,10941.0,2,0
3647,702,581,10944.0,2,0
3648,705,581,10947.0,2,0
3649,708,581,10950.0,2,0
3650,711,581,10953.0,2,0
3651,714,581,10956.0,2,0
3652,717,581,10959.0,2,0
3653,720,581,10962.0,2,0
3654,723,581,10965.0,2,0
3655,726,581,10968.0,2,0
3656,729,581,10971.0,2,0
3657,732,581,10974.0,2,0
3658,735,581,10977.0,2,0
3659,738,581,10980.0,2,0
3660,741,581,10983.0,2,0
3661,744,581,10986.0,2,0
3662,747,581,10989.0,2,0
3663,750,581,10992.0,2,0
3664,753,581,10995.0,2,0
3665,756,581,10998.0,2,0
3666,759,581,11001.0,2,0
3667,762,581,11004.0,2,0
3668,765,581,11007.0,2,0
3669,768,581,11010.0,2,0
3670,771,581,11013.0,2,0
3671,774,581,11016.0,2,0
3672,777,581,11019.0,2,0
3673,780,581,11022.0,2,0
3674,783,581,11025.0,2,0
3675,786,581,11028.0,2,0
3676,789,581,11031.0,2,0
3677,792,581,11034.0,2,0
3678,795,581,11037.0,2,0
3679,798,581,11040.0,2,0
3680,801,581,11043.0,2,0
3681,804,581,11046.0,2,0
3682,807,581,11049.0,2,0
3683,810,581,11052.0,2,0
3684,813,581,11055.0,2,0
3685,816,581,11058.0,2,0
3686,819,581,11061.0,2,0
3687,822,581,11064.0,2,0
3688,825,581,11067.0,2,0
3689,828,581,11070.0,2,0
3690,831,581,11073.0,2,0
3691,834,581,11076.0,2,0
3692,837,581,11079.0,2,0
3693,840,581,11082.0,2,0
3694,843,581,11085.0,2,0
3695,846,581,11088.0,2,0
3696,849,581,11091.0,2,0
3697,852,581,11094.0,2,0
3698,855,581,11097.0,2,0
3699,858,581,11100.0,2,0
3700,861,581,11103.0,2,0
3701,864,581,11106.0,3,1
